05:39:12 | INFO | ===== FFmpeg 开始 [053912_89872] =====
05:39:12 | INFO | 任务: [1/7] Breaking.Bad.S01E01.Pilot.2160p.NF.WE...
05:39:12 | INFO | 输入: U:\【高清剧集网 www.BTHDTV.com】绝命毒师 第一季[全7集][简繁英字幕].Breaking.Bad.S01.2160p.NF.WEB-DL.DDP.5.1.H.265-BlackTV\Breaking.Bad.S01E01.Pilot.2160p.NF.WEB-DL.DDP.5.1.H.265-BlackTV.mkv
05:39:12 | INFO | 输出: U:\【高清剧集网 www.BTHDTV.com】绝命毒师 第一季[全7集][简繁英字幕].Breaking.Bad.S01.2160p.NF.WEB-DL.DDP.5.1.H.265-BlackTV\Edited\Breaking.Bad.S01E01.Pilot.2160p.NF.WEB-DL.DDP.5.1.H.265-BlackTV.mp4
05:39:12 | INFO | 预计时长: 3501.73s
05:39:12 | INFO | 命令: ffmpeg -y -hide_banner -ignore_unknown -i U:\【高清剧集网 www.BTHDTV.com】绝命毒师 第一季[全7集][简繁英字幕].Breaking.Bad.S01.2160p.NF.WEB-DL.DDP.5.1.H.265-BlackTV\Breaking.Bad.S01E01.Pilot.2160p.NF.WEB-DL.DDP.5.1.H.265-BlackTV.mkv -map 0:a:0 -map 0:s:2 -map 0:s:3 -map 0:s:4 -c:v libx265 -crf 23 -c:s mov_text -map_metadata 0 -map_chapters 0 -metadata handler_name=@Cairl U:\【高清剧集网 www.BTHDTV.com】绝命毒师 第一季[全7集][简繁英字幕].Breaking.Bad.S01.2160p.NF.WEB-DL.DDP.5.1.H.265-BlackTV\Edited\Breaking.Bad.S01E01.Pilot.2160p.NF.WEB-DL.DDP.5.1.H.265-BlackTV.mp4
05:39:12 | DEBUG | 命令详情:
05:39:12 | DEBUG |   [  0] ffmpeg
05:39:12 | DEBUG |   [  1] -y
05:39:12 | DEBUG |   [  2] -hide_banner
05:39:12 | DEBUG |   [  3] -ignore_unknown
05:39:12 | DEBUG |   [  4] -i
05:39:12 | DEBUG |   [  5] U:\【高清剧集网 www.BTHDTV.com】绝命毒师 第一季[全7集][简繁英字幕].Breaking.Bad.S01.2160p.NF.WEB-DL.DDP.5.1.H.265-BlackTV\Breaking.Bad.S01E01.Pilot.2160p.NF.WEB-DL.DDP.5.1.H.265-BlackTV.mkv
05:39:12 | DEBUG |   [  6] -map
05:39:12 | DEBUG |   [  7] 0:a:0
05:39:12 | DEBUG |   [  8] -map
05:39:12 | DEBUG |   [  9] 0:s:2
05:39:12 | DEBUG |   [ 10] -map
05:39:12 | DEBUG |   [ 11] 0:s:3
05:39:12 | DEBUG |   [ 12] -map
05:39:12 | DEBUG |   [ 13] 0:s:4
05:39:12 | DEBUG |   [ 14] -c:v
05:39:12 | DEBUG |   [ 15] libx265
05:39:12 | DEBUG |   [ 16] -crf
05:39:12 | DEBUG |   [ 17] 23
05:39:12 | DEBUG |   [ 18] -c:s
05:39:12 | DEBUG |   [ 19] mov_text
05:39:12 | DEBUG |   [ 20] -map_metadata
05:39:12 | DEBUG |   [ 21] 0
05:39:12 | DEBUG |   [ 22] -map_chapters
05:39:12 | DEBUG |   [ 23] 0
05:39:12 | DEBUG |   [ 24] -metadata
05:39:12 | DEBUG |   [ 25] handler_name=@Cairl
05:39:12 | DEBUG |   [ 26] U:\【高清剧集网 www.BTHDTV.com】绝命毒师 第一季[全7集][简繁英字幕].Breaking.Bad.S01.2160p.NF.WEB-DL.DDP.5.1.H.265-BlackTV\Edited\Breaking.Bad.S01E01.Pilot.2160p.NF.WEB-DL.DDP.5.1.H.265-BlackTV.mp4
05:39:18 | DEBUG | [053912_89872] 进度: 89.3s/3501.7s (2.5%) | 速度: 18.73x | 用时: 4.9s
05:39:21 | DEBUG | [053912_89872] 进度: 146.9s/3501.7s (4.2%) | 速度: 18.30x | 用时: 7.9s
05:39:21 | DEBUG | [053912_89872] 进度: 146.9s/3501.7s (4.2%) | 速度: 18.30x | 用时: 8.0s
05:39:24 | DEBUG | [053912_89872] 进度: 192.4s/3501.7s (5.5%) | 速度: 18.63x | 用时: 11.0s
05:39:27 | DEBUG | [053912_89872] 进度: 193.0s/3501.7s (5.5%) | 速度: 17.35x | 用时: 13.9s
05:39:30 | DEBUG | [053912_89872] 进度: 333.7s/3501.7s (9.5%) | 速度: 17.32x | 用时: 16.9s
05:39:30 | DEBUG | [053912_89872] 进度: 333.7s/3501.7s (9.5%) | 速度: 17.32x | 用时: 17.0s
05:39:33 | DEBUG | [053912_89872] 进度: 390.2s/3501.7s (11.1%) | 速度: 18.56x | 用时: 20.0s
05:39:36 | DEBUG | [053912_89872] 进度: 460.1s/3501.7s (13.1%) | 速度: 19.20x | 用时: 22.9s
05:39:39 | DEBUG | [053912_89872] 进度: 520.1s/3501.7s (14.9%) | 速度: 19.70x | 用时: 26.0s
05:39:42 | DEBUG | [053912_89872] 进度: 578.5s/3501.7s (16.5%) | 速度: 19.98x | 用时: 28.9s
05:39:45 | DEBUG | [053912_89872] 进度: 646.8s/3501.7s (18.5%) | 速度: 20.13x | 用时: 31.9s
05:39:48 | DEBUG | [053912_89872] 进度: 708.3s/3501.7s (20.2%) | 速度: 20.31x | 用时: 35.0s
05:39:51 | DEBUG | [053912_89872] 进度: 771.9s/3501.7s (22.0%) | 速度: 20.40x | 用时: 37.9s
05:39:54 | DEBUG | [053912_89872] 进度: 834.3s/3501.7s (23.8%) | 速度: 20.42x | 用时: 40.9s
05:39:54 | DEBUG | [053912_89872] 进度: 834.3s/3501.7s (23.8%) | 速度: 20.42x | 用时: 41.0s
05:39:57 | DEBUG | [053912_89872] 进度: 908.1s/3501.7s (25.9%) | 速度: 20.53x | 用时: 44.0s
05:40:00 | DEBUG | [053912_89872] 进度: 962.2s/3501.7s (27.5%) | 速度: 20.63x | 用时: 46.9s
05:40:03 | DEBUG | [053912_89872] 进度: 1034.2s/3501.7s (29.5%) | 速度: 20.53x | 用时: 49.9s
05:40:03 | DEBUG | [053912_89872] 进度: 1034.2s/3501.7s (29.5%) | 速度: 20.53x | 用时: 50.0s
05:40:06 | DEBUG | [053912_89872] 进度: 1069.1s/3501.7s (30.5%) | 速度: 20.59x | 用时: 53.0s
05:40:09 | DEBUG | [053912_89872] 进度: 1170.3s/3501.7s (33.4%) | 速度: 20.78x | 用时: 55.9s
05:40:12 | DEBUG | [053912_89872] 进度: 1220.4s/3501.7s (34.8%) | 速度: 20.84x | 用时: 58.9s
05:40:12 | DEBUG | [053912_89872] 进度: 1220.4s/3501.7s (34.8%) | 速度: 20.83x | 用时: 59.0s
05:40:15 | DEBUG | [053912_89872] 进度: 1278.8s/3501.7s (36.5%) | 速度: 20.90x | 用时: 62.0s
05:40:18 | DEBUG | [053912_89872] 进度: 1357.4s/3501.7s (38.8%) | 速度: 20.77x | 用时: 64.9s
05:40:21 | DEBUG | [053912_89872] 进度: 1414.7s/3501.7s (40.4%) | 速度: 20.86x | 用时: 67.9s
05:40:21 | DEBUG | [053912_89872] 进度: 1414.7s/3501.7s (40.4%) | 速度: 20.86x | 用时: 68.0s
05:40:24 | DEBUG | [053912_89872] 进度: 1463.3s/3501.7s (41.8%) | 速度: 20.84x | 用时: 71.0s
05:40:27 | DEBUG | [053912_89872] 进度: 1529.6s/3501.7s (43.7%) | 速度: 20.72x | 用时: 73.9s
05:40:30 | DEBUG | [053912_89872] 进度: 1552.3s/3501.7s (44.3%) | 速度: 20.65x | 用时: 76.9s
05:40:33 | DEBUG | [053912_89872] 进度: 1613.2s/3501.7s (46.1%) | 速度: 20.57x | 用时: 80.0s
05:40:36 | DEBUG | [053912_89872] 进度: 1713.8s/3501.7s (48.9%) | 速度: 20.66x | 用时: 83.0s
05:40:39 | DEBUG | [053912_89872] 进度: 1769.3s/3501.7s (50.5%) | 速度: 20.69x | 用时: 85.9s
05:40:42 | DEBUG | [053912_89872] 进度: 1845.3s/3501.7s (52.7%) | 速度: 20.74x | 用时: 89.0s
05:40:45 | DEBUG | [053912_89872] 进度: 1889.8s/3501.7s (54.0%) | 速度: 20.73x | 用时: 91.9s
05:40:48 | DEBUG | [053912_89872] 进度: 1944.0s/3501.7s (55.5%) | 速度: 20.61x | 用时: 94.9s
05:40:48 | DEBUG | [053912_89872] 进度: 1944.0s/3501.7s (55.5%) | 速度: 20.61x | 用时: 95.0s
05:40:51 | DEBUG | [053912_89872] 进度: 2013.8s/3501.7s (57.5%) | 速度: 20.63x | 用时: 98.0s
05:40:54 | DEBUG | [053912_89872] 进度: 2076.3s/3501.7s (59.3%) | 速度: 20.62x | 用时: 100.9s
05:40:57 | DEBUG | [053912_89872] 进度: 2120.7s/3501.7s (60.6%) | 速度: 20.58x | 用时: 103.9s
05:40:57 | DEBUG | [053912_89872] 进度: 2120.7s/3501.7s (60.6%) | 速度: 20.58x | 用时: 104.0s
05:41:00 | DEBUG | [053912_89872] 进度: 2192.5s/3501.7s (62.6%) | 速度: 20.54x | 用时: 107.0s
05:41:03 | DEBUG | [053912_89872] 进度: 2246.3s/3501.7s (64.1%) | 速度: 20.52x | 用时: 109.9s
05:41:06 | DEBUG | [053912_89872] 进度: 2314.6s/3501.7s (66.1%) | 速度: 20.55x | 用时: 112.9s
05:41:06 | DEBUG | [053912_89872] 进度: 2314.6s/3501.7s (66.1%) | 速度: 20.55x | 用时: 113.0s
05:41:09 | DEBUG | [053912_89872] 进度: 2372.4s/3501.7s (67.7%) | 速度: 20.56x | 用时: 116.0s
05:41:12 | DEBUG | [053912_89872] 进度: 2431.3s/3501.7s (69.4%) | 速度: 20.50x | 用时: 118.9s
05:41:15 | DEBUG | [053912_89872] 进度: 2490.6s/3501.7s (71.1%) | 速度: 20.48x | 用时: 121.9s
05:41:18 | DEBUG | [053912_89872] 进度: 2500.0s/3501.7s (71.4%) | 速度: 20.39x | 用时: 125.0s
05:41:21 | DEBUG | [053912_89872] 进度: 2582.8s/3501.7s (73.8%) | 速度: 20.23x | 用时: 128.0s
05:41:24 | DEBUG | [053912_89872] 进度: 2637.9s/3501.7s (75.3%) | 速度: 20.25x | 用时: 130.9s
05:41:27 | DEBUG | [053912_89872] 进度: 2690.7s/3501.7s (76.8%) | 速度: 20.21x | 用时: 134.0s
05:41:30 | DEBUG | [053912_89872] 进度: 2754.3s/3501.7s (78.7%) | 速度: 20.16x | 用时: 137.0s
05:41:33 | DEBUG | [053912_89872] 进度: 2824.0s/3501.7s (80.6%) | 速度: 20.15x | 用时: 139.9s
05:41:36 | DEBUG | [053912_89872] 进度: 2876.0s/3501.7s (82.1%) | 速度: 20.15x | 用时: 142.9s
05:41:36 | DEBUG | [053912_89872] 进度: 2876.0s/3501.7s (82.1%) | 速度: 20.15x | 用时: 143.0s
05:41:39 | DEBUG | [053912_89872] 进度: 2937.3s/3501.7s (83.9%) | 速度: 20.15x | 用时: 146.0s
05:41:42 | DEBUG | [053912_89872] 进度: 2993.0s/3501.7s (85.5%) | 速度: 20.11x | 用时: 148.9s
05:41:45 | DEBUG | [053912_89872] 进度: 2993.0s/3501.7s (85.5%) | 速度: 20.00x | 用时: 151.9s
05:41:45 | DEBUG | [053912_89872] 进度: 2993.0s/3501.7s (85.5%) | 速度: 20.00x | 用时: 152.0s
05:41:48 | DEBUG | [053912_89872] 进度: 2993.0s/3501.7s (85.5%) | 速度: 19.76x | 用时: 155.0s
05:41:51 | DEBUG | [053912_89872] 进度: 3139.5s/3501.7s (89.7%) | 速度: 19.76x | 用时: 157.9s
05:41:54 | DEBUG | [053912_89872] 进度: 3139.5s/3501.7s (89.7%) | 速度: 19.74x | 用时: 160.9s
05:41:57 | DEBUG | [053912_89872] 进度: 3295.8s/3501.7s (94.1%) | 速度: 19.95x | 用时: 164.0s
05:42:00 | DEBUG | [053912_89872] 进度: 3363.1s/3501.7s (96.0%) | 速度: 20.01x | 用时: 167.0s
05:42:03 | DEBUG | [053912_89872] 进度: 3375.9s/3501.7s (96.4%) | 速度: 20.01x | 用时: 169.9s
05:42:06 | DEBUG | [053912_89872] 进度: 3430.1s/3501.7s (98.0%) | 速度: 20.01x | 用时: 172.9s
05:42:06 | DEBUG | [053912_89872] 进度: 3430.1s/3501.7s (98.0%) | 速度: 19.99x | 用时: 173.0s
05:42:06 | INFO | [053912_89872] 结束: 成功 (返回码 0) | 用时: 173.6s
05:42:06 | WARNING | [053912_89872] stderr 输出 (10 行):
05:42:06 | WARNING |   size=  165120KiB time=00:57:10.09 bitrate= 394.4kbits/s speed=20.1x elapsed=0:02:50.26
05:42:06 | WARNING |   size=  165632KiB time=00:57:10.09 bitrate= 395.6kbits/s speed=20.1x elapsed=0:02:50.78
05:42:06 | WARNING |   size=  166400KiB time=00:57:10.09 bitrate= 397.4kbits/s speed=  20x elapsed=0:02:51.29
05:42:06 | WARNING |   size=  166912KiB time=00:57:10.09 bitrate= 398.6kbits/s speed=  20x elapsed=0:02:51.80
05:42:06 | WARNING |   size=  167424KiB time=00:57:10.09 bitrate= 399.9kbits/s speed=19.9x elapsed=0:02:52.32
05:42:06 | WARNING |   size=  167680KiB time=00:57:10.09 bitrate= 400.5kbits/s speed=19.8x elapsed=0:02:52.83
05:42:06 | WARNING |   size=  167680KiB time=00:57:10.09 bitrate= 400.5kbits/s speed=19.8x elapsed=0:02:53.35
05:42:06 | WARNING |   [out#0/mp4 @ 000001af7eaeeb40] video:0KiB audio:168018KiB subtitle:56KiB other streams:0KiB global headers:0KiB muxing overhead: 0.436951%
05:42:06 | WARNING |   size=  168809KiB time=00:57:10.09 bitrate= 403.2kbits/s speed=19.8x elapsed=0:02:53.43
05:42:06 | WARNING |   [aac @ 000001af7ead6b00] Qavg: 847.090
05:42:06 | INFO | ===== FFmpeg 结束 [053912_89872] =====

05:42:06 | INFO | ===== FFmpeg 开始 [054206_99203] =====
05:42:06 | INFO | 任务: [2/7] Breaking.Bad.S01E02.The.Cats.in.the.B...
05:42:06 | INFO | 输入: U:\【高清剧集网 www.BTHDTV.com】绝命毒师 第一季[全7集][简繁英字幕].Breaking.Bad.S01.2160p.NF.WEB-DL.DDP.5.1.H.265-BlackTV\Breaking.Bad.S01E02.The.Cats.in.the.Bag.2160p.NF.WEB-DL.DDP.5.1.H.265-BlackTV.mkv
05:42:06 | INFO | 输出: U:\【高清剧集网 www.BTHDTV.com】绝命毒师 第一季[全7集][简繁英字幕].Breaking.Bad.S01.2160p.NF.WEB-DL.DDP.5.1.H.265-BlackTV\Edited\Breaking.Bad.S01E02.The.Cats.in.the.Bag.2160p.NF.WEB-DL.DDP.5.1.H.265-BlackTV.mp4
05:42:06 | INFO | 预计时长: 2903.07s
05:42:06 | INFO | 命令: ffmpeg -y -hide_banner -ignore_unknown -i U:\【高清剧集网 www.BTHDTV.com】绝命毒师 第一季[全7集][简繁英字幕].Breaking.Bad.S01.2160p.NF.WEB-DL.DDP.5.1.H.265-BlackTV\Breaking.Bad.S01E02.The.Cats.in.the.Bag.2160p.NF.WEB-DL.DDP.5.1.H.265-BlackTV.mkv -map 0:a:0 -map 0:s:2 -map 0:s:3 -map 0:s:4 -c:v libx265 -crf 23 -c:s mov_text -map_metadata 0 -map_chapters 0 -metadata handler_name=@Cairl U:\【高清剧集网 www.BTHDTV.com】绝命毒师 第一季[全7集][简繁英字幕].Breaking.Bad.S01.2160p.NF.WEB-DL.DDP.5.1.H.265-BlackTV\Edited\Breaking.Bad.S01E02.The.Cats.in.the.Bag.2160p.NF.WEB-DL.DDP.5.1.H.265-BlackTV.mp4
05:42:06 | DEBUG | 命令详情:
05:42:06 | DEBUG |   [  0] ffmpeg
05:42:06 | DEBUG |   [  1] -y
05:42:06 | DEBUG |   [  2] -hide_banner
05:42:06 | DEBUG |   [  3] -ignore_unknown
05:42:06 | DEBUG |   [  4] -i
05:42:06 | DEBUG |   [  5] U:\【高清剧集网 www.BTHDTV.com】绝命毒师 第一季[全7集][简繁英字幕].Breaking.Bad.S01.2160p.NF.WEB-DL.DDP.5.1.H.265-BlackTV\Breaking.Bad.S01E02.The.Cats.in.the.Bag.2160p.NF.WEB-DL.DDP.5.1.H.265-BlackTV.mkv
05:42:06 | DEBUG |   [  6] -map
05:42:06 | DEBUG |   [  7] 0:a:0
05:42:06 | DEBUG |   [  8] -map
05:42:06 | DEBUG |   [  9] 0:s:2
05:42:06 | DEBUG |   [ 10] -map
05:42:06 | DEBUG |   [ 11] 0:s:3
05:42:06 | DEBUG |   [ 12] -map
05:42:06 | DEBUG |   [ 13] 0:s:4
05:42:06 | DEBUG |   [ 14] -c:v
05:42:06 | DEBUG |   [ 15] libx265
05:42:06 | DEBUG |   [ 16] -crf
05:42:06 | DEBUG |   [ 17] 23
05:42:06 | DEBUG |   [ 18] -c:s
05:42:06 | DEBUG |   [ 19] mov_text
05:42:06 | DEBUG |   [ 20] -map_metadata
05:42:06 | DEBUG |   [ 21] 0
05:42:06 | DEBUG |   [ 22] -map_chapters
05:42:06 | DEBUG |   [ 23] 0
05:42:06 | DEBUG |   [ 24] -metadata
05:42:06 | DEBUG |   [ 25] handler_name=@Cairl
05:42:06 | DEBUG |   [ 26] U:\【高清剧集网 www.BTHDTV.com】绝命毒师 第一季[全7集][简繁英字幕].Breaking.Bad.S01.2160p.NF.WEB-DL.DDP.5.1.H.265-BlackTV\Edited\Breaking.Bad.S01E02.The.Cats.in.the.Bag.2160p.NF.WEB-DL.DDP.5.1.H.265-BlackTV.mp4
05:42:09 | DEBUG | [054206_99203] 进度: 20.7s/2903.1s (0.7%) | 速度: 18.35x | 用时: 2.0s
05:42:12 | DEBUG | [054206_99203] 进度: 22.0s/2903.1s (0.8%) | 速度: 12.81x | 用时: 5.0s
05:42:12 | DEBUG | [054206_99203] 进度: 22.0s/2903.1s (0.8%) | 速度: 12.81x | 用时: 5.1s
06:06:09 | INFO | ===== FFmpeg 开始 [060609_99556] =====
06:06:09 | INFO | 任务: S01E01 Pilot
06:06:09 | INFO | 输入: U:\【高清剧集网 www.BTHDTV.com】绝命毒师 第一季[全7集][简繁英字幕].Breaking.Bad.S01.2160p.NF.WEB-DL.DDP.5.1.H.265-BlackTV\Breaking.Bad.S01E01.Pilot.2160p.NF.WEB-DL.DDP.5.1.H.265-BlackTV.mkv
06:06:09 | INFO | 输出: U:\【高清剧集网 www.BTHDTV.com】绝命毒师 第一季[全7集][简繁英字幕].Breaking.Bad.S01.2160p.NF.WEB-DL.DDP.5.1.H.265-BlackTV\Edited\Breaking.Bad.S01E01.Pilot.2160p.NF.WEB-DL.DDP.5.1.H.265-BlackTV.mp4
06:06:09 | INFO | 预计时长: 3501.73s
06:06:09 | INFO | 命令: ffmpeg -y -hide_banner -ignore_unknown -i U:\【高清剧集网 www.BTHDTV.com】绝命毒师 第一季[全7集][简繁英字幕].Breaking.Bad.S01.2160p.NF.WEB-DL.DDP.5.1.H.265-BlackTV\Breaking.Bad.S01E01.Pilot.2160p.NF.WEB-DL.DDP.5.1.H.265-BlackTV.mkv -map 0:a:0 -map 0:v:0 -map 0:s:2 -map 0:s:3 -map 0:s:4 -c:v libx265 -crf 23 -c:s mov_text -map_metadata 0 -map_chapters 0 -metadata handler_name=@Cairl U:\【高清剧集网 www.BTHDTV.com】绝命毒师 第一季[全7集][简繁英字幕].Breaking.Bad.S01.2160p.NF.WEB-DL.DDP.5.1.H.265-BlackTV\Edited\Breaking.Bad.S01E01.Pilot.2160p.NF.WEB-DL.DDP.5.1.H.265-BlackTV.mp4
06:06:09 | DEBUG | 命令详情:
06:06:09 | DEBUG |   [  0] ffmpeg
06:06:09 | DEBUG |   [  1] -y
06:06:09 | DEBUG |   [  2] -hide_banner
06:06:09 | DEBUG |   [  3] -ignore_unknown
06:06:09 | DEBUG |   [  4] -i
06:06:09 | DEBUG |   [  5] U:\【高清剧集网 www.BTHDTV.com】绝命毒师 第一季[全7集][简繁英字幕].Breaking.Bad.S01.2160p.NF.WEB-DL.DDP.5.1.H.265-BlackTV\Breaking.Bad.S01E01.Pilot.2160p.NF.WEB-DL.DDP.5.1.H.265-BlackTV.mkv
06:06:09 | DEBUG |   [  6] -map
06:06:09 | DEBUG |   [  7] 0:a:0
06:06:09 | DEBUG |   [  8] -map
06:06:09 | DEBUG |   [  9] 0:v:0
06:06:09 | DEBUG |   [ 10] -map
06:06:09 | DEBUG |   [ 11] 0:s:2
06:06:09 | DEBUG |   [ 12] -map
06:06:09 | DEBUG |   [ 13] 0:s:3
06:06:09 | DEBUG |   [ 14] -map
06:06:09 | DEBUG |   [ 15] 0:s:4
06:06:09 | DEBUG |   [ 16] -c:v
06:06:09 | DEBUG |   [ 17] libx265
06:06:09 | DEBUG |   [ 18] -crf
06:06:09 | DEBUG |   [ 19] 23
06:06:09 | DEBUG |   [ 20] -c:s
06:06:09 | DEBUG |   [ 21] mov_text
06:06:09 | DEBUG |   [ 22] -map_metadata
06:06:09 | DEBUG |   [ 23] 0
06:06:09 | DEBUG |   [ 24] -map_chapters
06:06:09 | DEBUG |   [ 25] 0
06:06:09 | DEBUG |   [ 26] -metadata
06:06:09 | DEBUG |   [ 27] handler_name=@Cairl
06:06:09 | DEBUG |   [ 28] U:\【高清剧集网 www.BTHDTV.com】绝命毒师 第一季[全7集][简繁英字幕].Breaking.Bad.S01.2160p.NF.WEB-DL.DDP.5.1.H.265-BlackTV\Edited\Breaking.Bad.S01E01.Pilot.2160p.NF.WEB-DL.DDP.5.1.H.265-BlackTV.mp4
06:10:21 | DEBUG | [060609_99556] 进度: 65.8s/3501.7s (1.9%) | 速度: 0.26x | 用时: 251.0s
06:10:24 | DEBUG | [060609_99556] 进度: 66.5s/3501.7s (1.9%) | 速度: 0.26x | 用时: 254.0s
06:10:27 | DEBUG | [060609_99556] 进度: 67.3s/3501.7s (1.9%) | 速度: 0.26x | 用时: 257.0s
06:10:30 | DEBUG | [060609_99556] 进度: 68.0s/3501.7s (1.9%) | 速度: 0.26x | 用时: 260.0s
06:10:33 | DEBUG | [060609_99556] 进度: 69.0s/3501.7s (2.0%) | 速度: 0.26x | 用时: 263.0s
06:10:36 | DEBUG | [060609_99556] 进度: 69.9s/3501.7s (2.0%) | 速度: 0.26x | 用时: 266.0s
06:10:39 | DEBUG | [060609_99556] 进度: 70.9s/3501.7s (2.0%) | 速度: 0.26x | 用时: 269.0s
06:10:42 | DEBUG | [060609_99556] 进度: 71.6s/3501.7s (2.0%) | 速度: 0.26x | 用时: 272.0s
06:10:45 | DEBUG | [060609_99556] 进度: 72.5s/3501.7s (2.1%) | 速度: 0.26x | 用时: 275.0s
06:10:45 | DEBUG | [060609_99556] 进度: 72.5s/3501.7s (2.1%) | 速度: 0.26x | 用时: 275.1s
06:10:48 | DEBUG | [060609_99556] 进度: 73.4s/3501.7s (2.1%) | 速度: 0.26x | 用时: 278.0s
06:10:51 | DEBUG | [060609_99556] 进度: 74.2s/3501.7s (2.1%) | 速度: 0.26x | 用时: 281.0s
06:10:54 | DEBUG | [060609_99556] 进度: 75.2s/3501.7s (2.1%) | 速度: 0.26x | 用时: 284.0s
06:10:57 | DEBUG | [060609_99556] 进度: 76.0s/3501.7s (2.2%) | 速度: 0.26x | 用时: 287.0s
06:10:57 | DEBUG | [060609_99556] 进度: 76.0s/3501.7s (2.2%) | 速度: 0.26x | 用时: 287.1s
06:11:00 | DEBUG | [060609_99556] 进度: 76.7s/3501.7s (2.2%) | 速度: 0.26x | 用时: 290.0s
06:11:00 | DEBUG | [060609_99556] 进度: 76.7s/3501.7s (2.2%) | 速度: 0.26x | 用时: 290.1s
06:11:03 | DEBUG | [060609_99556] 进度: 76.7s/3501.7s (2.2%) | 速度: 0.26x | 用时: 293.0s
06:11:06 | DEBUG | [060609_99556] 进度: 76.7s/3501.7s (2.2%) | 速度: 0.26x | 用时: 296.0s
06:11:09 | DEBUG | [060609_99556] 进度: 76.7s/3501.7s (2.2%) | 速度: 0.26x | 用时: 299.0s
06:11:12 | DEBUG | [060609_99556] 进度: 76.7s/3501.7s (2.2%) | 速度: 0.26x | 用时: 302.0s
06:11:12 | DEBUG | [060609_99556] 进度: 76.7s/3501.7s (2.2%) | 速度: 0.26x | 用时: 302.1s
06:11:15 | DEBUG | [060609_99556] 进度: 76.7s/3501.7s (2.2%) | 速度: 0.26x | 用时: 305.0s
06:11:18 | DEBUG | [060609_99556] 进度: 81.7s/3501.7s (2.3%) | 速度: 0.26x | 用时: 308.0s
06:11:21 | DEBUG | [060609_99556] 进度: 82.5s/3501.7s (2.4%) | 速度: 0.26x | 用时: 311.0s
06:11:24 | DEBUG | [060609_99556] 进度: 83.5s/3501.7s (2.4%) | 速度: 0.26x | 用时: 314.0s
06:11:24 | DEBUG | [060609_99556] 进度: 83.5s/3501.7s (2.4%) | 速度: 0.26x | 用时: 314.1s
06:11:27 | DEBUG | [060609_99556] 进度: 84.5s/3501.7s (2.4%) | 速度: 0.27x | 用时: 317.0s
06:11:27 | DEBUG | [060609_99556] 进度: 84.5s/3501.7s (2.4%) | 速度: 0.27x | 用时: 317.1s
06:11:30 | DEBUG | [060609_99556] 进度: 85.0s/3501.7s (2.4%) | 速度: 0.27x | 用时: 320.0s
06:11:33 | DEBUG | [060609_99556] 进度: 85.7s/3501.7s (2.4%) | 速度: 0.27x | 用时: 323.0s
06:11:36 | DEBUG | [060609_99556] 进度: 86.6s/3501.7s (2.5%) | 速度: 0.27x | 用时: 326.0s
06:11:39 | DEBUG | [060609_99556] 进度: 87.5s/3501.7s (2.5%) | 速度: 0.27x | 用时: 329.0s
06:11:42 | DEBUG | [060609_99556] 进度: 88.4s/3501.7s (2.5%) | 速度: 0.27x | 用时: 332.0s
06:11:42 | DEBUG | [060609_99556] 进度: 88.4s/3501.7s (2.5%) | 速度: 0.27x | 用时: 332.1s
06:11:45 | DEBUG | [060609_99556] 进度: 89.3s/3501.7s (2.5%) | 速度: 0.27x | 用时: 335.0s
06:11:48 | DEBUG | [060609_99556] 进度: 90.4s/3501.7s (2.6%) | 速度: 0.27x | 用时: 338.0s
06:11:51 | DEBUG | [060609_99556] 进度: 91.2s/3501.7s (2.6%) | 速度: 0.27x | 用时: 341.0s
06:11:51 | DEBUG | [060609_99556] 进度: 91.2s/3501.7s (2.6%) | 速度: 0.27x | 用时: 341.1s
06:11:54 | DEBUG | [060609_99556] 进度: 91.9s/3501.7s (2.6%) | 速度: 0.27x | 用时: 344.0s
06:11:57 | DEBUG | [060609_99556] 进度: 92.7s/3501.7s (2.6%) | 速度: 0.27x | 用时: 347.0s
06:12:00 | DEBUG | [060609_99556] 进度: 93.4s/3501.7s (2.7%) | 速度: 0.27x | 用时: 350.0s
06:12:03 | DEBUG | [060609_99556] 进度: 94.1s/3501.7s (2.7%) | 速度: 0.27x | 用时: 353.0s
2026-06-14 06:12:03.045 | INFO  | ffmpeg_runner | ===== FFmpeg 开始 [061203_04579] =====
2026-06-14 06:12:03.046 | INFO  | ffmpeg_runner | 任务: Test
2026-06-14 06:12:03.046 | INFO  | ffmpeg_runner | 输入: test.mkv
2026-06-14 06:12:03.046 | INFO  | ffmpeg_runner | 输出: out.mp4
2026-06-14 06:12:03.046 | INFO  | ffmpeg_runner | 预计时长: 100.00s
2026-06-14 06:12:03.046 | INFO  | ffmpeg_runner | 命令: ffmpeg -i test.mkv out.mp4
2026-06-14 06:12:03.046 | DEBUG | ffmpeg_runner | 命令详情:
2026-06-14 06:12:03.046 | DEBUG | ffmpeg_runner |   | [  0] ffmpeg
2026-06-14 06:12:03.046 | DEBUG | ffmpeg_runner |   | [  1] -i
2026-06-14 06:12:03.046 | DEBUG | ffmpeg_runner |   | [  2] test.mkv
2026-06-14 06:12:03.046 | DEBUG | ffmpeg_runner |   | [  3] out.mp4
06:12:03 | DEBUG | [060609_99556] 进度: 94.1s/3501.7s (2.7%) | 速度: 0.27x | 用时: 353.1s
06:12:06 | DEBUG | [060609_99556] 进度: 94.4s/3501.7s (2.7%) | 速度: 0.27x | 用时: 356.0s
06:12:06 | DEBUG | [060609_99556] 进度: 94.4s/3501.7s (2.7%) | 速度: 0.27x | 用时: 356.1s
06:12:09 | DEBUG | [060609_99556] 进度: 94.4s/3501.7s (2.7%) | 速度: 0.27x | 用时: 359.0s
06:12:12 | DEBUG | [060609_99556] 进度: 94.4s/3501.7s (2.7%) | 速度: 0.26x | 用时: 362.0s
06:12:15 | DEBUG | [060609_99556] 进度: 94.4s/3501.7s (2.7%) | 速度: 0.26x | 用时: 365.0s
06:12:18 | DEBUG | [060609_99556] 进度: 94.4s/3501.7s (2.7%) | 速度: 0.26x | 用时: 368.0s
06:12:21 | DEBUG | [060609_99556] 进度: 94.4s/3501.7s (2.7%) | 速度: 0.26x | 用时: 371.0s
06:12:24 | DEBUG | [060609_99556] 进度: 94.4s/3501.7s (2.7%) | 速度: 0.26x | 用时: 374.0s
06:12:27 | DEBUG | [060609_99556] 进度: 94.4s/3501.7s (2.7%) | 速度: 0.25x | 用时: 377.0s
06:12:30 | DEBUG | [060609_99556] 进度: 94.4s/3501.7s (2.7%) | 速度: 0.25x | 用时: 380.0s
06:12:33 | DEBUG | [060609_99556] 进度: 94.4s/3501.7s (2.7%) | 速度: 0.25x | 用时: 383.0s
06:12:36 | DEBUG | [060609_99556] 进度: 94.4s/3501.7s (2.7%) | 速度: 0.25x | 用时: 386.0s
06:12:36 | DEBUG | [060609_99556] 进度: 94.4s/3501.7s (2.7%) | 速度: 0.25x | 用时: 386.1s
06:12:39 | DEBUG | [060609_99556] 进度: 94.4s/3501.7s (2.7%) | 速度: 0.25x | 用时: 389.0s
06:12:42 | DEBUG | [060609_99556] 进度: 94.4s/3501.7s (2.7%) | 速度: 0.24x | 用时: 392.0s
06:12:42 | DEBUG | [060609_99556] 进度: 94.4s/3501.7s (2.7%) | 速度: 0.24x | 用时: 392.1s
06:12:45 | DEBUG | [060609_99556] 进度: 94.4s/3501.7s (2.7%) | 速度: 0.24x | 用时: 395.0s
06:12:45 | DEBUG | [060609_99556] 进度: 94.4s/3501.7s (2.7%) | 速度: 0.24x | 用时: 395.1s
06:12:48 | DEBUG | [060609_99556] 进度: 94.4s/3501.7s (2.7%) | 速度: 0.24x | 用时: 398.0s
06:12:48 | DEBUG | [060609_99556] 进度: 94.4s/3501.7s (2.7%) | 速度: 0.24x | 用时: 398.1s
06:12:51 | DEBUG | [060609_99556] 进度: 94.4s/3501.7s (2.7%) | 速度: 0.24x | 用时: 401.0s
06:12:54 | DEBUG | [060609_99556] 进度: 94.4s/3501.7s (2.7%) | 速度: 0.24x | 用时: 404.0s
06:12:57 | DEBUG | [060609_99556] 进度: 94.4s/3501.7s (2.7%) | 速度: 0.23x | 用时: 407.0s
06:13:00 | DEBUG | [060609_99556] 进度: 94.4s/3501.7s (2.7%) | 速度: 0.23x | 用时: 410.0s
06:13:03 | DEBUG | [060609_99556] 进度: 94.4s/3501.7s (2.7%) | 速度: 0.23x | 用时: 413.0s
06:13:06 | DEBUG | [060609_99556] 进度: 94.4s/3501.7s (2.7%) | 速度: 0.23x | 用时: 416.0s
06:13:09 | DEBUG | [060609_99556] 进度: 94.4s/3501.7s (2.7%) | 速度: 0.23x | 用时: 419.0s
06:13:09 | DEBUG | [060609_99556] 进度: 94.4s/3501.7s (2.7%) | 速度: 0.23x | 用时: 419.1s
06:13:12 | DEBUG | [060609_99556] 进度: 94.4s/3501.7s (2.7%) | 速度: 0.23x | 用时: 422.0s
06:13:15 | DEBUG | [060609_99556] 进度: 94.4s/3501.7s (2.7%) | 速度: 0.22x | 用时: 425.0s
06:13:18 | DEBUG | [060609_99556] 进度: 94.4s/3501.7s (2.7%) | 速度: 0.22x | 用时: 428.0s
06:13:21 | DEBUG | [060609_99556] 进度: 94.4s/3501.7s (2.7%) | 速度: 0.22x | 用时: 431.0s
06:13:21 | DEBUG | [060609_99556] 进度: 94.4s/3501.7s (2.7%) | 速度: 0.22x | 用时: 431.1s
06:13:24 | DEBUG | [060609_99556] 进度: 94.4s/3501.7s (2.7%) | 速度: 0.22x | 用时: 434.0s
06:13:27 | DEBUG | [060609_99556] 进度: 94.4s/3501.7s (2.7%) | 速度: 0.22x | 用时: 437.0s
06:13:30 | DEBUG | [060609_99556] 进度: 94.4s/3501.7s (2.7%) | 速度: 0.22x | 用时: 440.0s
06:13:33 | DEBUG | [060609_99556] 进度: 94.4s/3501.7s (2.7%) | 速度: 0.22x | 用时: 443.0s
06:13:36 | DEBUG | [060609_99556] 进度: 94.4s/3501.7s (2.7%) | 速度: 0.21x | 用时: 446.0s
06:13:39 | DEBUG | [060609_99556] 进度: 94.4s/3501.7s (2.7%) | 速度: 0.21x | 用时: 449.0s
06:13:39 | DEBUG | [060609_99556] 进度: 94.4s/3501.7s (2.7%) | 速度: 0.21x | 用时: 449.1s
06:13:42 | DEBUG | [060609_99556] 进度: 94.4s/3501.7s (2.7%) | 速度: 0.21x | 用时: 452.0s
06:13:42 | DEBUG | [060609_99556] 进度: 94.4s/3501.7s (2.7%) | 速度: 0.21x | 用时: 452.1s
06:13:45 | DEBUG | [060609_99556] 进度: 121.4s/3501.7s (3.5%) | 速度: 0.22x | 用时: 455.0s
06:13:48 | DEBUG | [060609_99556] 进度: 122.1s/3501.7s (3.5%) | 速度: 0.24x | 用时: 458.0s
06:13:51 | DEBUG | [060609_99556] 进度: 122.9s/3501.7s (3.5%) | 速度: 0.25x | 用时: 461.0s
06:13:54 | DEBUG | [060609_99556] 进度: 123.7s/3501.7s (3.5%) | 速度: 0.26x | 用时: 464.0s
06:13:57 | DEBUG | [060609_99556] 进度: 124.6s/3501.7s (3.6%) | 速度: 0.26x | 用时: 467.0s
06:14:00 | DEBUG | [060609_99556] 进度: 125.4s/3501.7s (3.6%) | 速度: 0.26x | 用时: 470.0s
06:14:03 | DEBUG | [060609_99556] 进度: 126.2s/3501.7s (3.6%) | 速度: 0.27x | 用时: 473.0s
06:14:06 | DEBUG | [060609_99556] 进度: 127.0s/3501.7s (3.6%) | 速度: 0.27x | 用时: 476.0s
06:14:09 | DEBUG | [060609_99556] 进度: 127.9s/3501.7s (3.7%) | 速度: 0.27x | 用时: 479.0s
06:14:12 | DEBUG | [060609_99556] 进度: 128.2s/3501.7s (3.7%) | 速度: 0.27x | 用时: 482.0s
06:14:15 | DEBUG | [060609_99556] 进度: 128.2s/3501.7s (3.7%) | 速度: 0.27x | 用时: 485.0s
06:14:15 | DEBUG | [060609_99556] 进度: 128.2s/3501.7s (3.7%) | 速度: 0.27x | 用时: 485.1s
06:14:18 | DEBUG | [060609_99556] 进度: 128.2s/3501.7s (3.7%) | 速度: 0.26x | 用时: 488.0s
06:14:21 | DEBUG | [060609_99556] 进度: 131.1s/3501.7s (3.7%) | 速度: 0.27x | 用时: 491.0s
06:14:24 | DEBUG | [060609_99556] 进度: 131.8s/3501.7s (3.8%) | 速度: 0.27x | 用时: 494.0s
06:14:27 | DEBUG | [060609_99556] 进度: 132.4s/3501.7s (3.8%) | 速度: 0.27x | 用时: 497.0s
06:14:30 | DEBUG | [060609_99556] 进度: 133.0s/3501.7s (3.8%) | 速度: 0.27x | 用时: 500.0s
06:14:33 | DEBUG | [060609_99556] 进度: 133.9s/3501.7s (3.8%) | 速度: 0.27x | 用时: 503.0s
06:14:36 | DEBUG | [060609_99556] 进度: 134.6s/3501.7s (3.8%) | 速度: 0.27x | 用时: 506.0s
06:14:39 | DEBUG | [060609_99556] 进度: 135.4s/3501.7s (3.9%) | 速度: 0.27x | 用时: 509.0s
06:14:39 | DEBUG | [060609_99556] 进度: 135.4s/3501.7s (3.9%) | 速度: 0.27x | 用时: 509.1s
06:14:42 | DEBUG | [060609_99556] 进度: 136.4s/3501.7s (3.9%) | 速度: 0.27x | 用时: 512.0s
06:14:45 | DEBUG | [060609_99556] 进度: 137.3s/3501.7s (3.9%) | 速度: 0.27x | 用时: 515.0s
06:14:48 | DEBUG | [060609_99556] 进度: 137.9s/3501.7s (3.9%) | 速度: 0.27x | 用时: 518.0s
06:14:51 | DEBUG | [060609_99556] 进度: 138.9s/3501.7s (4.0%) | 速度: 0.27x | 用时: 521.0s
06:14:54 | DEBUG | [060609_99556] 进度: 139.9s/3501.7s (4.0%) | 速度: 0.27x | 用时: 524.0s
06:14:54 | DEBUG | [060609_99556] 进度: 139.9s/3501.7s (4.0%) | 速度: 0.27x | 用时: 524.1s
06:14:57 | DEBUG | [060609_99556] 进度: 140.9s/3501.7s (4.0%) | 速度: 0.27x | 用时: 527.0s
06:15:00 | DEBUG | [060609_99556] 进度: 141.8s/3501.7s (4.0%) | 速度: 0.27x | 用时: 530.0s
06:15:03 | DEBUG | [060609_99556] 进度: 142.4s/3501.7s (4.1%) | 速度: 0.27x | 用时: 533.0s
06:15:06 | DEBUG | [060609_99556] 进度: 142.9s/3501.7s (4.1%) | 速度: 0.27x | 用时: 536.0s
06:15:09 | DEBUG | [060609_99556] 进度: 143.7s/3501.7s (4.1%) | 速度: 0.27x | 用时: 539.0s
06:15:12 | DEBUG | [060609_99556] 进度: 144.5s/3501.7s (4.1%) | 速度: 0.27x | 用时: 542.0s
06:15:15 | DEBUG | [060609_99556] 进度: 145.1s/3501.7s (4.1%) | 速度: 0.27x | 用时: 545.0s
06:15:18 | DEBUG | [060609_99556] 进度: 145.8s/3501.7s (4.2%) | 速度: 0.27x | 用时: 548.0s
06:15:18 | DEBUG | [060609_99556] 进度: 145.9s/3501.7s (4.2%) | 速度: 0.27x | 用时: 548.1s
06:15:21 | DEBUG | [060609_99556] 进度: 146.4s/3501.7s (4.2%) | 速度: 0.27x | 用时: 551.0s
06:15:21 | DEBUG | [060609_99556] 进度: 146.4s/3501.7s (4.2%) | 速度: 0.27x | 用时: 551.1s
06:15:24 | DEBUG | [060609_99556] 进度: 146.9s/3501.7s (4.2%) | 速度: 0.27x | 用时: 554.0s
06:15:24 | DEBUG | [060609_99556] 进度: 146.9s/3501.7s (4.2%) | 速度: 0.27x | 用时: 554.1s
06:15:27 | DEBUG | [060609_99556] 进度: 146.9s/3501.7s (4.2%) | 速度: 0.27x | 用时: 557.0s
06:15:30 | DEBUG | [060609_99556] 进度: 146.9s/3501.7s (4.2%) | 速度: 0.26x | 用时: 560.0s
06:15:33 | DEBUG | [060609_99556] 进度: 146.9s/3501.7s (4.2%) | 速度: 0.26x | 用时: 563.0s
06:15:36 | DEBUG | [060609_99556] 进度: 146.9s/3501.7s (4.2%) | 速度: 0.26x | 用时: 566.0s
06:15:36 | DEBUG | [060609_99556] 进度: 146.9s/3501.7s (4.2%) | 速度: 0.26x | 用时: 566.1s
06:15:39 | DEBUG | [060609_99556] 进度: 146.9s/3501.7s (4.2%) | 速度: 0.26x | 用时: 569.0s
06:15:42 | DEBUG | [060609_99556] 进度: 146.9s/3501.7s (4.2%) | 速度: 0.26x | 用时: 572.0s
06:15:45 | DEBUG | [060609_99556] 进度: 152.3s/3501.7s (4.3%) | 速度: 0.26x | 用时: 575.0s
06:15:48 | DEBUG | [060609_99556] 进度: 153.0s/3501.7s (4.4%) | 速度: 0.26x | 用时: 578.0s
06:15:51 | DEBUG | [060609_99556] 进度: 153.7s/3501.7s (4.4%) | 速度: 0.26x | 用时: 581.0s
06:15:54 | DEBUG | [060609_99556] 进度: 154.3s/3501.7s (4.4%) | 速度: 0.26x | 用时: 584.0s
06:15:57 | DEBUG | [060609_99556] 进度: 154.9s/3501.7s (4.4%) | 速度: 0.26x | 用时: 587.0s
06:16:00 | DEBUG | [060609_99556] 进度: 155.4s/3501.7s (4.4%) | 速度: 0.26x | 用时: 590.0s
06:16:03 | DEBUG | [060609_99556] 进度: 156.0s/3501.7s (4.5%) | 速度: 0.26x | 用时: 593.0s
06:16:06 | DEBUG | [060609_99556] 进度: 156.6s/3501.7s (4.5%) | 速度: 0.26x | 用时: 596.0s
06:16:09 | DEBUG | [060609_99556] 进度: 157.2s/3501.7s (4.5%) | 速度: 0.26x | 用时: 599.0s
06:16:12 | DEBUG | [060609_99556] 进度: 157.9s/3501.7s (4.5%) | 速度: 0.26x | 用时: 602.0s
06:16:15 | DEBUG | [060609_99556] 进度: 158.4s/3501.7s (4.5%) | 速度: 0.26x | 用时: 605.0s
06:16:18 | DEBUG | [060609_99556] 进度: 159.2s/3501.7s (4.5%) | 速度: 0.26x | 用时: 608.0s
06:16:18 | DEBUG | [060609_99556] 进度: 159.2s/3501.7s (4.5%) | 速度: 0.26x | 用时: 608.1s
06:16:21 | DEBUG | [060609_99556] 进度: 159.7s/3501.7s (4.6%) | 速度: 0.26x | 用时: 611.0s
06:16:21 | DEBUG | [060609_99556] 进度: 159.7s/3501.7s (4.6%) | 速度: 0.26x | 用时: 611.1s
06:16:24 | DEBUG | [060609_99556] 进度: 160.2s/3501.7s (4.6%) | 速度: 0.26x | 用时: 614.0s
06:16:27 | DEBUG | [060609_99556] 进度: 160.9s/3501.7s (4.6%) | 速度: 0.26x | 用时: 617.0s
06:16:30 | DEBUG | [060609_99556] 进度: 161.5s/3501.7s (4.6%) | 速度: 0.26x | 用时: 620.0s
06:16:33 | DEBUG | [060609_99556] 进度: 162.1s/3501.7s (4.6%) | 速度: 0.26x | 用时: 623.0s
06:16:36 | DEBUG | [060609_99556] 进度: 162.8s/3501.7s (4.6%) | 速度: 0.26x | 用时: 626.0s
06:16:39 | DEBUG | [060609_99556] 进度: 163.2s/3501.7s (4.7%) | 速度: 0.26x | 用时: 629.0s
06:16:42 | DEBUG | [060609_99556] 进度: 164.0s/3501.7s (4.7%) | 速度: 0.26x | 用时: 632.0s
06:16:45 | DEBUG | [060609_99556] 进度: 164.3s/3501.7s (4.7%) | 速度: 0.26x | 用时: 635.1s
06:16:48 | DEBUG | [060609_99556] 进度: 165.0s/3501.7s (4.7%) | 速度: 0.26x | 用时: 638.0s
06:16:51 | DEBUG | [060609_99556] 进度: 165.6s/3501.7s (4.7%) | 速度: 0.26x | 用时: 641.0s
06:16:54 | DEBUG | [060609_99556] 进度: 166.2s/3501.7s (4.7%) | 速度: 0.26x | 用时: 644.0s
06:16:57 | DEBUG | [060609_99556] 进度: 166.7s/3501.7s (4.8%) | 速度: 0.26x | 用时: 647.0s
06:17:00 | DEBUG | [060609_99556] 进度: 167.3s/3501.7s (4.8%) | 速度: 0.26x | 用时: 650.0s
06:17:00 | DEBUG | [060609_99556] 进度: 167.3s/3501.7s (4.8%) | 速度: 0.26x | 用时: 650.1s
06:17:03 | DEBUG | [060609_99556] 进度: 168.0s/3501.7s (4.8%) | 速度: 0.26x | 用时: 653.0s
06:17:06 | DEBUG | [060609_99556] 进度: 168.7s/3501.7s (4.8%) | 速度: 0.26x | 用时: 656.0s
06:17:09 | DEBUG | [060609_99556] 进度: 169.3s/3501.7s (4.8%) | 速度: 0.26x | 用时: 659.0s
06:17:12 | DEBUG | [060609_99556] 进度: 169.8s/3501.7s (4.9%) | 速度: 0.26x | 用时: 662.0s
06:17:15 | DEBUG | [060609_99556] 进度: 170.4s/3501.7s (4.9%) | 速度: 0.26x | 用时: 665.0s
06:17:18 | DEBUG | [060609_99556] 进度: 171.1s/3501.7s (4.9%) | 速度: 0.26x | 用时: 668.0s
06:17:18 | DEBUG | [060609_99556] 进度: 171.1s/3501.7s (4.9%) | 速度: 0.26x | 用时: 668.1s
06:17:21 | DEBUG | [060609_99556] 进度: 171.8s/3501.7s (4.9%) | 速度: 0.26x | 用时: 671.0s
06:17:24 | DEBUG | [060609_99556] 进度: 172.5s/3501.7s (4.9%) | 速度: 0.26x | 用时: 674.0s
06:17:27 | DEBUG | [060609_99556] 进度: 173.1s/3501.7s (4.9%) | 速度: 0.26x | 用时: 677.0s
06:17:30 | DEBUG | [060609_99556] 进度: 173.5s/3501.7s (5.0%) | 速度: 0.26x | 用时: 680.0s
06:17:33 | DEBUG | [060609_99556] 进度: 174.1s/3501.7s (5.0%) | 速度: 0.26x | 用时: 683.0s
06:17:36 | DEBUG | [060609_99556] 进度: 174.8s/3501.7s (5.0%) | 速度: 0.26x | 用时: 686.0s
06:17:39 | DEBUG | [060609_99556] 进度: 175.5s/3501.7s (5.0%) | 速度: 0.26x | 用时: 689.0s
06:17:42 | DEBUG | [060609_99556] 进度: 176.1s/3501.7s (5.0%) | 速度: 0.26x | 用时: 692.1s
06:17:45 | DEBUG | [060609_99556] 进度: 176.8s/3501.7s (5.0%) | 速度: 0.26x | 用时: 695.0s
06:17:48 | DEBUG | [060609_99556] 进度: 177.4s/3501.7s (5.1%) | 速度: 0.25x | 用时: 698.0s
06:17:51 | DEBUG | [060609_99556] 进度: 178.1s/3501.7s (5.1%) | 速度: 0.25x | 用时: 701.0s
06:17:54 | DEBUG | [060609_99556] 进度: 178.7s/3501.7s (5.1%) | 速度: 0.25x | 用时: 704.0s
06:17:57 | DEBUG | [060609_99556] 进度: 179.3s/3501.7s (5.1%) | 速度: 0.25x | 用时: 707.0s
06:18:00 | DEBUG | [060609_99556] 进度: 179.9s/3501.7s (5.1%) | 速度: 0.25x | 用时: 710.0s
06:18:03 | DEBUG | [060609_99556] 进度: 180.5s/3501.7s (5.2%) | 速度: 0.25x | 用时: 713.0s
06:18:06 | DEBUG | [060609_99556] 进度: 181.1s/3501.7s (5.2%) | 速度: 0.25x | 用时: 716.0s
06:18:09 | DEBUG | [060609_99556] 进度: 181.6s/3501.7s (5.2%) | 速度: 0.25x | 用时: 719.1s
06:18:12 | DEBUG | [060609_99556] 进度: 182.2s/3501.7s (5.2%) | 速度: 0.25x | 用时: 722.0s
06:18:15 | DEBUG | [060609_99556] 进度: 182.8s/3501.7s (5.2%) | 速度: 0.25x | 用时: 725.0s
06:18:18 | DEBUG | [060609_99556] 进度: 183.3s/3501.7s (5.2%) | 速度: 0.25x | 用时: 728.0s
06:18:21 | DEBUG | [060609_99556] 进度: 183.9s/3501.7s (5.3%) | 速度: 0.25x | 用时: 731.0s
06:18:24 | DEBUG | [060609_99556] 进度: 184.3s/3501.7s (5.3%) | 速度: 0.25x | 用时: 734.0s
06:18:27 | DEBUG | [060609_99556] 进度: 184.3s/3501.7s (5.3%) | 速度: 0.25x | 用时: 737.0s
06:18:30 | DEBUG | [060609_99556] 进度: 184.3s/3501.7s (5.3%) | 速度: 0.25x | 用时: 740.0s
06:18:30 | DEBUG | [060609_99556] 进度: 184.3s/3501.7s (5.3%) | 速度: 0.25x | 用时: 740.1s
06:18:33 | DEBUG | [060609_99556] 进度: 184.3s/3501.7s (5.3%) | 速度: 0.25x | 用时: 743.0s
06:18:33 | DEBUG | [060609_99556] 进度: 184.3s/3501.7s (5.3%) | 速度: 0.25x | 用时: 743.1s
06:18:36 | DEBUG | [060609_99556] 进度: 184.3s/3501.7s (5.3%) | 速度: 0.25x | 用时: 746.0s
06:18:39 | DEBUG | [060609_99556] 进度: 184.3s/3501.7s (5.3%) | 速度: 0.25x | 用时: 749.0s
06:18:42 | DEBUG | [060609_99556] 进度: 184.3s/3501.7s (5.3%) | 速度: 0.25x | 用时: 752.0s
06:18:45 | DEBUG | [060609_99556] 进度: 184.3s/3501.7s (5.3%) | 速度: 0.25x | 用时: 755.0s
06:18:48 | DEBUG | [060609_99556] 进度: 184.3s/3501.7s (5.3%) | 速度: 0.24x | 用时: 758.0s
06:18:51 | DEBUG | [060609_99556] 进度: 189.1s/3501.7s (5.4%) | 速度: 0.25x | 用时: 761.0s
06:18:54 | DEBUG | [060609_99556] 进度: 189.6s/3501.7s (5.4%) | 速度: 0.25x | 用时: 764.0s
06:18:57 | DEBUG | [060609_99556] 进度: 190.4s/3501.7s (5.4%) | 速度: 0.25x | 用时: 767.0s
06:19:00 | DEBUG | [060609_99556] 进度: 190.8s/3501.7s (5.4%) | 速度: 0.25x | 用时: 770.0s
06:19:00 | DEBUG | [060609_99556] 进度: 190.9s/3501.7s (5.5%) | 速度: 0.25x | 用时: 770.1s
06:19:03 | DEBUG | [060609_99556] 进度: 191.3s/3501.7s (5.5%) | 速度: 0.25x | 用时: 773.0s
06:19:06 | DEBUG | [060609_99556] 进度: 192.0s/3501.7s (5.5%) | 速度: 0.25x | 用时: 776.0s
06:19:09 | DEBUG | [060609_99556] 进度: 192.4s/3501.7s (5.5%) | 速度: 0.25x | 用时: 779.0s
06:19:12 | DEBUG | [060609_99556] 进度: 192.4s/3501.7s (5.5%) | 速度: 0.25x | 用时: 782.0s
06:19:12 | DEBUG | [060609_99556] 进度: 192.4s/3501.7s (5.5%) | 速度: 0.25x | 用时: 782.1s
06:19:15 | DEBUG | [060609_99556] 进度: 192.4s/3501.7s (5.5%) | 速度: 0.25x | 用时: 785.0s
06:19:18 | DEBUG | [060609_99556] 进度: 192.4s/3501.7s (5.5%) | 速度: 0.25x | 用时: 788.0s
06:19:21 | DEBUG | [060609_99556] 进度: 192.4s/3501.7s (5.5%) | 速度: 0.24x | 用时: 791.0s
06:19:21 | DEBUG | [060609_99556] 进度: 192.4s/3501.7s (5.5%) | 速度: 0.24x | 用时: 791.1s
06:19:24 | DEBUG | [060609_99556] 进度: 192.4s/3501.7s (5.5%) | 速度: 0.24x | 用时: 794.0s
06:19:24 | DEBUG | [060609_99556] 进度: 192.4s/3501.7s (5.5%) | 速度: 0.24x | 用时: 794.1s
06:19:27 | DEBUG | [060609_99556] 进度: 192.4s/3501.7s (5.5%) | 速度: 0.24x | 用时: 797.0s
06:19:27 | DEBUG | [060609_99556] 进度: 192.4s/3501.7s (5.5%) | 速度: 0.24x | 用时: 797.1s
06:19:30 | DEBUG | [060609_99556] 进度: 192.4s/3501.7s (5.5%) | 速度: 0.24x | 用时: 800.0s
06:19:33 | DEBUG | [060609_99556] 进度: 192.4s/3501.7s (5.5%) | 速度: 0.24x | 用时: 803.0s
06:19:36 | DEBUG | [060609_99556] 进度: 192.4s/3501.7s (5.5%) | 速度: 0.24x | 用时: 806.0s
06:19:39 | DEBUG | [060609_99556] 进度: 192.4s/3501.7s (5.5%) | 速度: 0.24x | 用时: 809.0s
06:19:42 | DEBUG | [060609_99556] 进度: 192.4s/3501.7s (5.5%) | 速度: 0.24x | 用时: 812.0s
06:19:45 | DEBUG | [060609_99556] 进度: 192.4s/3501.7s (5.5%) | 速度: 0.24x | 用时: 815.0s
06:19:48 | DEBUG | [060609_99556] 进度: 192.4s/3501.7s (5.5%) | 速度: 0.24x | 用时: 818.0s
06:19:51 | DEBUG | [060609_99556] 进度: 192.4s/3501.7s (5.5%) | 速度: 0.24x | 用时: 821.0s
06:19:54 | DEBUG | [060609_99556] 进度: 192.4s/3501.7s (5.5%) | 速度: 0.23x | 用时: 824.0s
06:19:57 | DEBUG | [060609_99556] 进度: 192.4s/3501.7s (5.5%) | 速度: 0.23x | 用时: 827.0s
06:20:00 | DEBUG | [060609_99556] 进度: 192.4s/3501.7s (5.5%) | 速度: 0.23x | 用时: 830.0s
06:20:03 | DEBUG | [060609_99556] 进度: 192.4s/3501.7s (5.5%) | 速度: 0.23x | 用时: 833.0s
06:20:06 | DEBUG | [060609_99556] 进度: 192.4s/3501.7s (5.5%) | 速度: 0.23x | 用时: 836.0s
06:20:09 | DEBUG | [060609_99556] 进度: 192.4s/3501.7s (5.5%) | 速度: 0.23x | 用时: 839.0s
06:20:12 | DEBUG | [060609_99556] 进度: 192.4s/3501.7s (5.5%) | 速度: 0.23x | 用时: 842.0s
06:20:15 | DEBUG | [060609_99556] 进度: 192.4s/3501.7s (5.5%) | 速度: 0.23x | 用时: 845.0s
06:20:18 | DEBUG | [060609_99556] 进度: 192.4s/3501.7s (5.5%) | 速度: 0.23x | 用时: 848.0s
06:20:18 | DEBUG | [060609_99556] 进度: 192.4s/3501.7s (5.5%) | 速度: 0.23x | 用时: 848.1s
06:20:21 | DEBUG | [060609_99556] 进度: 192.4s/3501.7s (5.5%) | 速度: 0.23x | 用时: 851.0s
06:20:24 | DEBUG | [060609_99556] 进度: 192.4s/3501.7s (5.5%) | 速度: 0.23x | 用时: 854.0s
06:20:27 | DEBUG | [060609_99556] 进度: 192.4s/3501.7s (5.5%) | 速度: 0.23x | 用时: 857.0s
06:20:30 | DEBUG | [060609_99556] 进度: 192.4s/3501.7s (5.5%) | 速度: 0.23x | 用时: 860.0s
06:20:33 | DEBUG | [060609_99556] 进度: 192.4s/3501.7s (5.5%) | 速度: 0.22x | 用时: 863.0s
06:20:33 | DEBUG | [060609_99556] 进度: 192.4s/3501.7s (5.5%) | 速度: 0.22x | 用时: 863.1s
06:20:36 | DEBUG | [060609_99556] 进度: 192.4s/3501.7s (5.5%) | 速度: 0.22x | 用时: 866.0s
06:20:36 | DEBUG | [060609_99556] 进度: 192.4s/3501.7s (5.5%) | 速度: 0.22x | 用时: 866.1s
06:20:39 | DEBUG | [060609_99556] 进度: 192.4s/3501.7s (5.5%) | 速度: 0.22x | 用时: 869.0s
06:20:42 | DEBUG | [060609_99556] 进度: 192.4s/3501.7s (5.5%) | 速度: 0.22x | 用时: 872.0s
06:20:45 | DEBUG | [060609_99556] 进度: 192.4s/3501.7s (5.5%) | 速度: 0.22x | 用时: 875.0s
06:20:45 | DEBUG | [060609_99556] 进度: 192.4s/3501.7s (5.5%) | 速度: 0.22x | 用时: 875.1s
06:20:48 | DEBUG | [060609_99556] 进度: 192.4s/3501.7s (5.5%) | 速度: 0.22x | 用时: 878.0s
06:20:48 | DEBUG | [060609_99556] 进度: 192.4s/3501.7s (5.5%) | 速度: 0.22x | 用时: 878.1s
06:20:51 | DEBUG | [060609_99556] 进度: 192.4s/3501.7s (5.5%) | 速度: 0.22x | 用时: 881.0s
06:20:54 | DEBUG | [060609_99556] 进度: 192.4s/3501.7s (5.5%) | 速度: 0.22x | 用时: 884.0s
06:20:57 | DEBUG | [060609_99556] 进度: 192.4s/3501.7s (5.5%) | 速度: 0.22x | 用时: 887.0s
06:21:00 | DEBUG | [060609_99556] 进度: 192.4s/3501.7s (5.5%) | 速度: 0.22x | 用时: 890.0s
06:21:03 | DEBUG | [060609_99556] 进度: 192.4s/3501.7s (5.5%) | 速度: 0.22x | 用时: 893.0s
06:21:06 | DEBUG | [060609_99556] 进度: 192.4s/3501.7s (5.5%) | 速度: 0.22x | 用时: 896.0s
06:21:09 | DEBUG | [060609_99556] 进度: 192.4s/3501.7s (5.5%) | 速度: 0.22x | 用时: 899.0s
06:21:12 | DEBUG | [060609_99556] 进度: 192.4s/3501.7s (5.5%) | 速度: 0.21x | 用时: 902.0s
06:21:15 | DEBUG | [060609_99556] 进度: 192.4s/3501.7s (5.5%) | 速度: 0.21x | 用时: 905.0s
06:21:18 | DEBUG | [060609_99556] 进度: 192.4s/3501.7s (5.5%) | 速度: 0.21x | 用时: 908.0s
06:21:21 | DEBUG | [060609_99556] 进度: 192.4s/3501.7s (5.5%) | 速度: 0.21x | 用时: 911.0s
06:21:24 | DEBUG | [060609_99556] 进度: 192.4s/3501.7s (5.5%) | 速度: 0.21x | 用时: 914.0s
06:21:27 | DEBUG | [060609_99556] 进度: 192.4s/3501.7s (5.5%) | 速度: 0.21x | 用时: 917.0s
06:21:30 | DEBUG | [060609_99556] 进度: 192.4s/3501.7s (5.5%) | 速度: 0.21x | 用时: 920.0s
06:21:33 | DEBUG | [060609_99556] 进度: 192.4s/3501.7s (5.5%) | 速度: 0.21x | 用时: 923.0s
06:21:33 | DEBUG | [060609_99556] 进度: 192.4s/3501.7s (5.5%) | 速度: 0.21x | 用时: 923.1s
06:21:36 | DEBUG | [060609_99556] 进度: 192.4s/3501.7s (5.5%) | 速度: 0.21x | 用时: 926.0s
06:21:39 | DEBUG | [060609_99556] 进度: 192.4s/3501.7s (5.5%) | 速度: 0.21x | 用时: 929.0s
06:21:42 | DEBUG | [060609_99556] 进度: 192.4s/3501.7s (5.5%) | 速度: 0.21x | 用时: 932.0s
06:21:45 | DEBUG | [060609_99556] 进度: 192.4s/3501.7s (5.5%) | 速度: 0.21x | 用时: 935.0s
06:21:48 | DEBUG | [060609_99556] 进度: 192.4s/3501.7s (5.5%) | 速度: 0.21x | 用时: 938.0s
06:21:51 | DEBUG | [060609_99556] 进度: 192.4s/3501.7s (5.5%) | 速度: 0.21x | 用时: 941.0s
06:21:54 | DEBUG | [060609_99556] 进度: 192.4s/3501.7s (5.5%) | 速度: 0.20x | 用时: 944.0s
06:21:57 | DEBUG | [060609_99556] 进度: 192.4s/3501.7s (5.5%) | 速度: 0.20x | 用时: 947.0s
06:22:00 | DEBUG | [060609_99556] 进度: 192.4s/3501.7s (5.5%) | 速度: 0.20x | 用时: 950.0s
06:22:03 | DEBUG | [060609_99556] 进度: 192.4s/3501.7s (5.5%) | 速度: 0.20x | 用时: 953.0s
06:22:06 | DEBUG | [060609_99556] 进度: 192.4s/3501.7s (5.5%) | 速度: 0.20x | 用时: 956.0s
06:22:09 | DEBUG | [060609_99556] 进度: 192.4s/3501.7s (5.5%) | 速度: 0.20x | 用时: 959.0s
06:22:12 | DEBUG | [060609_99556] 进度: 192.4s/3501.7s (5.5%) | 速度: 0.20x | 用时: 962.0s
06:22:15 | DEBUG | [060609_99556] 进度: 192.4s/3501.7s (5.5%) | 速度: 0.20x | 用时: 965.0s
06:22:18 | DEBUG | [060609_99556] 进度: 192.4s/3501.7s (5.5%) | 速度: 0.20x | 用时: 968.0s
06:22:21 | DEBUG | [060609_99556] 进度: 192.4s/3501.7s (5.5%) | 速度: 0.20x | 用时: 971.0s
06:22:24 | DEBUG | [060609_99556] 进度: 192.4s/3501.7s (5.5%) | 速度: 0.20x | 用时: 974.0s
06:22:24 | DEBUG | [060609_99556] 进度: 192.4s/3501.7s (5.5%) | 速度: 0.20x | 用时: 974.1s
06:22:27 | DEBUG | [060609_99556] 进度: 192.4s/3501.7s (5.5%) | 速度: 0.20x | 用时: 977.0s
06:22:27 | DEBUG | [060609_99556] 进度: 192.4s/3501.7s (5.5%) | 速度: 0.20x | 用时: 977.1s
06:22:30 | DEBUG | [060609_99556] 进度: 193.0s/3501.7s (5.5%) | 速度: 0.20x | 用时: 980.0s
06:22:30 | DEBUG | [060609_99556] 进度: 193.0s/3501.7s (5.5%) | 速度: 0.20x | 用时: 980.1s
06:22:33 | DEBUG | [060609_99556] 进度: 193.0s/3501.7s (5.5%) | 速度: 0.20x | 用时: 983.0s
06:22:36 | DEBUG | [060609_99556] 进度: 193.0s/3501.7s (5.5%) | 速度: 0.20x | 用时: 986.0s
06:22:39 | DEBUG | [060609_99556] 进度: 193.0s/3501.7s (5.5%) | 速度: 0.20x | 用时: 989.0s
06:22:42 | DEBUG | [060609_99556] 进度: 193.0s/3501.7s (5.5%) | 速度: 0.20x | 用时: 992.0s
06:22:45 | DEBUG | [060609_99556] 进度: 193.0s/3501.7s (5.5%) | 速度: 0.19x | 用时: 995.0s
06:22:48 | DEBUG | [060609_99556] 进度: 193.0s/3501.7s (5.5%) | 速度: 0.19x | 用时: 998.0s
06:22:48 | DEBUG | [060609_99556] 进度: 193.0s/3501.7s (5.5%) | 速度: 0.19x | 用时: 998.1s
06:22:51 | DEBUG | [060609_99556] 进度: 193.0s/3501.7s (5.5%) | 速度: 0.19x | 用时: 1001.0s
06:22:51 | DEBUG | [060609_99556] 进度: 193.0s/3501.7s (5.5%) | 速度: 0.19x | 用时: 1001.1s
06:22:54 | DEBUG | [060609_99556] 进度: 193.0s/3501.7s (5.5%) | 速度: 0.19x | 用时: 1004.0s
06:22:54 | DEBUG | [060609_99556] 进度: 193.0s/3501.7s (5.5%) | 速度: 0.19x | 用时: 1004.1s
06:22:57 | DEBUG | [060609_99556] 进度: 193.0s/3501.7s (5.5%) | 速度: 0.19x | 用时: 1007.0s
06:23:00 | DEBUG | [060609_99556] 进度: 193.0s/3501.7s (5.5%) | 速度: 0.19x | 用时: 1010.0s
06:23:03 | DEBUG | [060609_99556] 进度: 193.0s/3501.7s (5.5%) | 速度: 0.19x | 用时: 1013.0s
06:23:06 | DEBUG | [060609_99556] 进度: 193.0s/3501.7s (5.5%) | 速度: 0.19x | 用时: 1016.0s
06:23:09 | DEBUG | [060609_99556] 进度: 193.0s/3501.7s (5.5%) | 速度: 0.19x | 用时: 1019.0s
06:23:12 | DEBUG | [060609_99556] 进度: 193.0s/3501.7s (5.5%) | 速度: 0.19x | 用时: 1022.0s
06:23:15 | DEBUG | [060609_99556] 进度: 193.0s/3501.7s (5.5%) | 速度: 0.19x | 用时: 1025.0s
06:23:18 | DEBUG | [060609_99556] 进度: 193.0s/3501.7s (5.5%) | 速度: 0.19x | 用时: 1028.0s
06:23:18 | DEBUG | [060609_99556] 进度: 193.0s/3501.7s (5.5%) | 速度: 0.19x | 用时: 1028.1s
06:23:21 | DEBUG | [060609_99556] 进度: 193.0s/3501.7s (5.5%) | 速度: 0.19x | 用时: 1031.0s
06:23:21 | DEBUG | [060609_99556] 进度: 193.0s/3501.7s (5.5%) | 速度: 0.19x | 用时: 1031.1s
06:23:24 | DEBUG | [060609_99556] 进度: 193.0s/3501.7s (5.5%) | 速度: 0.19x | 用时: 1034.0s
06:23:24 | DEBUG | [060609_99556] 进度: 193.0s/3501.7s (5.5%) | 速度: 0.19x | 用时: 1034.1s
06:23:27 | DEBUG | [060609_99556] 进度: 193.0s/3501.7s (5.5%) | 速度: 0.19x | 用时: 1037.0s
06:23:30 | DEBUG | [060609_99556] 进度: 193.0s/3501.7s (5.5%) | 速度: 0.19x | 用时: 1040.0s
06:23:30 | DEBUG | [060609_99556] 进度: 193.0s/3501.7s (5.5%) | 速度: 0.19x | 用时: 1040.1s
06:23:33 | DEBUG | [060609_99556] 进度: 193.0s/3501.7s (5.5%) | 速度: 0.19x | 用时: 1043.0s
06:23:36 | DEBUG | [060609_99556] 进度: 193.0s/3501.7s (5.5%) | 速度: 0.19x | 用时: 1046.0s
06:23:39 | DEBUG | [060609_99556] 进度: 193.0s/3501.7s (5.5%) | 速度: 0.18x | 用时: 1049.0s
06:23:42 | DEBUG | [060609_99556] 进度: 193.0s/3501.7s (5.5%) | 速度: 0.18x | 用时: 1052.0s
06:23:42 | DEBUG | [060609_99556] 进度: 193.0s/3501.7s (5.5%) | 速度: 0.18x | 用时: 1052.1s
06:23:45 | DEBUG | [060609_99556] 进度: 193.0s/3501.7s (5.5%) | 速度: 0.18x | 用时: 1055.0s
06:23:48 | DEBUG | [060609_99556] 进度: 193.0s/3501.7s (5.5%) | 速度: 0.18x | 用时: 1058.0s
06:23:48 | DEBUG | [060609_99556] 进度: 193.0s/3501.7s (5.5%) | 速度: 0.18x | 用时: 1058.1s
06:23:51 | DEBUG | [060609_99556] 进度: 193.0s/3501.7s (5.5%) | 速度: 0.18x | 用时: 1061.0s
06:23:51 | DEBUG | [060609_99556] 进度: 193.0s/3501.7s (5.5%) | 速度: 0.18x | 用时: 1061.1s
06:23:54 | DEBUG | [060609_99556] 进度: 193.0s/3501.7s (5.5%) | 速度: 0.18x | 用时: 1064.0s
06:23:57 | DEBUG | [060609_99556] 进度: 193.0s/3501.7s (5.5%) | 速度: 0.18x | 用时: 1067.0s
06:24:00 | DEBUG | [060609_99556] 进度: 193.0s/3501.7s (5.5%) | 速度: 0.18x | 用时: 1070.0s
06:24:03 | DEBUG | [060609_99556] 进度: 193.0s/3501.7s (5.5%) | 速度: 0.18x | 用时: 1073.0s
06:24:06 | DEBUG | [060609_99556] 进度: 193.0s/3501.7s (5.5%) | 速度: 0.18x | 用时: 1076.0s
06:24:06 | DEBUG | [060609_99556] 进度: 193.0s/3501.7s (5.5%) | 速度: 0.18x | 用时: 1076.1s
06:24:09 | DEBUG | [060609_99556] 进度: 193.0s/3501.7s (5.5%) | 速度: 0.18x | 用时: 1079.0s
06:24:12 | DEBUG | [060609_99556] 进度: 193.0s/3501.7s (5.5%) | 速度: 0.18x | 用时: 1082.0s
06:24:12 | DEBUG | [060609_99556] 进度: 193.0s/3501.7s (5.5%) | 速度: 0.18x | 用时: 1082.1s
06:24:15 | DEBUG | [060609_99556] 进度: 193.0s/3501.7s (5.5%) | 速度: 0.18x | 用时: 1085.0s
06:24:18 | DEBUG | [060609_99556] 进度: 193.0s/3501.7s (5.5%) | 速度: 0.18x | 用时: 1088.0s
06:24:21 | DEBUG | [060609_99556] 进度: 193.0s/3501.7s (5.5%) | 速度: 0.18x | 用时: 1091.0s
06:24:24 | DEBUG | [060609_99556] 进度: 193.0s/3501.7s (5.5%) | 速度: 0.18x | 用时: 1094.0s
06:24:24 | DEBUG | [060609_99556] 进度: 193.0s/3501.7s (5.5%) | 速度: 0.18x | 用时: 1094.1s
06:24:27 | DEBUG | [060609_99556] 进度: 193.0s/3501.7s (5.5%) | 速度: 0.18x | 用时: 1097.0s
06:24:27 | DEBUG | [060609_99556] 进度: 193.0s/3501.7s (5.5%) | 速度: 0.18x | 用时: 1097.1s
06:24:30 | DEBUG | [060609_99556] 进度: 193.0s/3501.7s (5.5%) | 速度: 0.18x | 用时: 1100.0s
06:24:33 | DEBUG | [060609_99556] 进度: 193.0s/3501.7s (5.5%) | 速度: 0.18x | 用时: 1103.0s
06:24:36 | DEBUG | [060609_99556] 进度: 193.0s/3501.7s (5.5%) | 速度: 0.18x | 用时: 1106.0s
06:24:39 | DEBUG | [060609_99556] 进度: 193.0s/3501.7s (5.5%) | 速度: 0.17x | 用时: 1109.0s
06:24:42 | DEBUG | [060609_99556] 进度: 193.0s/3501.7s (5.5%) | 速度: 0.17x | 用时: 1112.0s
06:24:45 | DEBUG | [060609_99556] 进度: 193.0s/3501.7s (5.5%) | 速度: 0.17x | 用时: 1115.0s
06:24:45 | DEBUG | [060609_99556] 进度: 193.0s/3501.7s (5.5%) | 速度: 0.17x | 用时: 1115.1s
06:24:48 | DEBUG | [060609_99556] 进度: 193.0s/3501.7s (5.5%) | 速度: 0.17x | 用时: 1118.0s
06:24:51 | DEBUG | [060609_99556] 进度: 193.0s/3501.7s (5.5%) | 速度: 0.17x | 用时: 1121.0s
06:24:54 | DEBUG | [060609_99556] 进度: 193.0s/3501.7s (5.5%) | 速度: 0.17x | 用时: 1124.0s
06:24:57 | DEBUG | [060609_99556] 进度: 193.0s/3501.7s (5.5%) | 速度: 0.17x | 用时: 1127.0s
06:25:00 | DEBUG | [060609_99556] 进度: 193.0s/3501.7s (5.5%) | 速度: 0.17x | 用时: 1130.0s
06:25:03 | DEBUG | [060609_99556] 进度: 193.0s/3501.7s (5.5%) | 速度: 0.17x | 用时: 1133.0s
06:25:06 | DEBUG | [060609_99556] 进度: 193.0s/3501.7s (5.5%) | 速度: 0.17x | 用时: 1136.0s
06:25:09 | DEBUG | [060609_99556] 进度: 193.0s/3501.7s (5.5%) | 速度: 0.17x | 用时: 1139.0s
06:25:12 | DEBUG | [060609_99556] 进度: 193.0s/3501.7s (5.5%) | 速度: 0.17x | 用时: 1142.0s
06:25:15 | DEBUG | [060609_99556] 进度: 193.0s/3501.7s (5.5%) | 速度: 0.17x | 用时: 1145.0s
06:25:18 | DEBUG | [060609_99556] 进度: 193.0s/3501.7s (5.5%) | 速度: 0.17x | 用时: 1148.0s
06:25:21 | DEBUG | [060609_99556] 进度: 193.0s/3501.7s (5.5%) | 速度: 0.17x | 用时: 1151.0s
06:25:24 | DEBUG | [060609_99556] 进度: 193.0s/3501.7s (5.5%) | 速度: 0.17x | 用时: 1154.0s
06:25:27 | DEBUG | [060609_99556] 进度: 193.0s/3501.7s (5.5%) | 速度: 0.17x | 用时: 1157.0s
06:25:27 | DEBUG | [060609_99556] 进度: 193.0s/3501.7s (5.5%) | 速度: 0.17x | 用时: 1157.1s
06:25:30 | DEBUG | [060609_99556] 进度: 193.0s/3501.7s (5.5%) | 速度: 0.17x | 用时: 1160.0s
06:25:30 | DEBUG | [060609_99556] 进度: 193.0s/3501.7s (5.5%) | 速度: 0.17x | 用时: 1160.1s
06:25:33 | DEBUG | [060609_99556] 进度: 193.0s/3501.7s (5.5%) | 速度: 0.17x | 用时: 1163.0s
06:25:36 | DEBUG | [060609_99556] 进度: 193.0s/3501.7s (5.5%) | 速度: 0.17x | 用时: 1166.0s
06:25:39 | DEBUG | [060609_99556] 进度: 193.0s/3501.7s (5.5%) | 速度: 0.17x | 用时: 1169.0s
06:25:42 | DEBUG | [060609_99556] 进度: 193.0s/3501.7s (5.5%) | 速度: 0.17x | 用时: 1172.0s
06:25:45 | DEBUG | [060609_99556] 进度: 310.4s/3501.7s (8.9%) | 速度: 0.18x | 用时: 1175.0s
06:25:48 | DEBUG | [060609_99556] 进度: 311.4s/3501.7s (8.9%) | 速度: 0.22x | 用时: 1178.0s
06:25:51 | DEBUG | [060609_99556] 进度: 312.3s/3501.7s (8.9%) | 速度: 0.24x | 用时: 1181.0s
06:25:54 | DEBUG | [060609_99556] 进度: 313.1s/3501.7s (8.9%) | 速度: 0.25x | 用时: 1184.0s
06:25:57 | DEBUG | [060609_99556] 进度: 313.9s/3501.7s (9.0%) | 速度: 0.26x | 用时: 1187.0s
06:26:00 | DEBUG | [060609_99556] 进度: 314.8s/3501.7s (9.0%) | 速度: 0.26x | 用时: 1190.0s
06:26:03 | DEBUG | [060609_99556] 进度: 315.6s/3501.7s (9.0%) | 速度: 0.26x | 用时: 1193.0s
06:26:06 | DEBUG | [060609_99556] 进度: 316.6s/3501.7s (9.0%) | 速度: 0.26x | 用时: 1196.0s
06:26:06 | DEBUG | [060609_99556] 进度: 316.6s/3501.7s (9.0%) | 速度: 0.26x | 用时: 1196.1s
06:26:09 | DEBUG | [060609_99556] 进度: 317.4s/3501.7s (9.1%) | 速度: 0.26x | 用时: 1199.0s
06:26:09 | DEBUG | [060609_99556] 进度: 317.4s/3501.7s (9.1%) | 速度: 0.26x | 用时: 1199.1s
06:26:12 | DEBUG | [060609_99556] 进度: 318.1s/3501.7s (9.1%) | 速度: 0.26x | 用时: 1202.0s
06:26:15 | DEBUG | [060609_99556] 进度: 319.1s/3501.7s (9.1%) | 速度: 0.26x | 用时: 1205.0s
06:26:15 | DEBUG | [060609_99556] 进度: 319.1s/3501.7s (9.1%) | 速度: 0.26x | 用时: 1205.1s
06:26:18 | DEBUG | [060609_99556] 进度: 319.9s/3501.7s (9.1%) | 速度: 0.26x | 用时: 1208.0s
06:26:21 | DEBUG | [060609_99556] 进度: 320.8s/3501.7s (9.2%) | 速度: 0.26x | 用时: 1211.0s
06:26:24 | DEBUG | [060609_99556] 进度: 321.8s/3501.7s (9.2%) | 速度: 0.26x | 用时: 1214.0s
06:26:27 | DEBUG | [060609_99556] 进度: 322.6s/3501.7s (9.2%) | 速度: 0.26x | 用时: 1217.0s
06:26:30 | DEBUG | [060609_99556] 进度: 323.3s/3501.7s (9.2%) | 速度: 0.26x | 用时: 1220.0s
06:26:33 | DEBUG | [060609_99556] 进度: 324.0s/3501.7s (9.3%) | 速度: 0.26x | 用时: 1223.0s
06:26:36 | DEBUG | [060609_99556] 进度: 324.7s/3501.7s (9.3%) | 速度: 0.26x | 用时: 1226.0s
06:26:39 | DEBUG | [060609_99556] 进度: 325.6s/3501.7s (9.3%) | 速度: 0.26x | 用时: 1229.0s
06:26:42 | DEBUG | [060609_99556] 进度: 326.6s/3501.7s (9.3%) | 速度: 0.26x | 用时: 1232.0s
06:26:45 | DEBUG | [060609_99556] 进度: 327.3s/3501.7s (9.3%) | 速度: 0.26x | 用时: 1235.0s
06:26:45 | DEBUG | [060609_99556] 进度: 327.5s/3501.7s (9.4%) | 速度: 0.26x | 用时: 1235.1s
2026-06-14 07:58:49.948 | INFO  | ffmpeg_runner | ===== FFmpeg 开始 [075849_94885] =====
2026-06-14 07:58:49.948 | INFO  | ffmpeg_runner | 任务: S01E01 Pilot
2026-06-14 07:58:49.948 | INFO  | ffmpeg_runner | 输入: U:\【高清剧集网 www.BTHDTV.com】绝命毒师 第一季[全7集][简繁英字幕].Breaking.Bad.S01.2160p.NF.WEB-DL.DDP.5.1.H.265-BlackTV\Breaking.Bad.S01E01.Pilot.2160p.NF.WEB-DL.DDP.5.1.H.265-BlackTV.mkv
2026-06-14 07:58:49.948 | INFO  | ffmpeg_runner | 输出: U:\【高清剧集网 www.BTHDTV.com】绝命毒师 第一季[全7集][简繁英字幕].Breaking.Bad.S01.2160p.NF.WEB-DL.DDP.5.1.H.265-BlackTV\【高清剧集网 www.BTHDTV.com】绝命毒师 第一季[全7集][简繁英字幕].Breaking.Bad.S01.2160p.NF.WEB-DL.DDP.5.1.H.265-BlackTV (MovieEditor+20260614-075815)\Breaking.Bad.S01E01.Pilot.2160p.NF.WEB-DL.DDP.5.1.H.265-BlackTV.mp4
2026-06-14 07:58:49.948 | INFO  | ffmpeg_runner | 预计时长: 30.00s
2026-06-14 07:58:49.948 | INFO  | ffmpeg_runner | 命令: ffmpeg -y -hide_banner -ignore_unknown -i U:\【高清剧集网 www.BTHDTV.com】绝命毒师 第一季[全7集][简繁英字幕].Breaking.Bad.S01.2160p.NF.WEB-DL.DDP.5.1.H.265-BlackTV\Breaking.Bad.S01E01.Pilot.2160p.NF.WEB-DL.DDP.5.1.H.265-BlackTV.mkv -map 0:v:0 -map 0:a:0 -map 0:s:2 -map 0:s:3 -map 0:s:4 -c:v hevc_nvenc -preset p4 -c:s mov_text -map_metadata 0 -map_chapters 0 -metadata handler_name=@Cairl -ss 00:00:00 -to 00:00:30 U:\【高清剧集网 www.BTHDTV.com】绝命毒师 第一季[全7集][简繁英字幕].Breaking.Bad.S01.2160p.NF.WEB-DL.DDP.5.1.H.265-BlackTV\【高清剧集网 www.BTHDTV.com】绝命毒师 第一季[全7集][简繁英字幕].Breaking.Bad.S01.2160p.NF.WEB-DL.DDP.5.1.H.265-BlackTV (MovieEditor+20260614-075815)\Breaking.Bad.S01E01.Pilot.2160p.NF.WEB-DL.DDP.5.1.H.265-BlackTV.mp4
2026-06-14 07:58:49.948 | DEBUG | ffmpeg_runner | 命令详情:
2026-06-14 07:58:49.948 | DEBUG | ffmpeg_runner |   | [ 13] 0:s:3
2026-06-14 07:58:49.948 | DEBUG | ffmpeg_runner |   | [ 14] -map
2026-06-14 07:58:49.948 | DEBUG | ffmpeg_runner |   | [ 15] 0:s:4
2026-06-14 07:58:49.948 | DEBUG | ffmpeg_runner |   | [ 16] -c:v
2026-06-14 07:58:49.948 | DEBUG | ffmpeg_runner |   | [ 17] hevc_nvenc
2026-06-14 07:58:49.948 | DEBUG | ffmpeg_runner |   | [ 18] -preset
2026-06-14 07:58:49.948 | DEBUG | ffmpeg_runner |   | [ 19] p4
2026-06-14 07:58:49.948 | DEBUG | ffmpeg_runner |   | [ 20] -c:s
2026-06-14 07:58:49.948 | DEBUG | ffmpeg_runner |   | [ 21] mov_text
2026-06-14 07:58:49.948 | DEBUG | ffmpeg_runner |   | [ 22] -map_metadata
2026-06-14 07:58:49.948 | DEBUG | ffmpeg_runner |   | [ 23] 0
2026-06-14 07:58:49.948 | DEBUG | ffmpeg_runner |   | [ 24] -map_chapters
2026-06-14 07:58:49.948 | DEBUG | ffmpeg_runner |   | [ 25] 0
2026-06-14 07:58:49.948 | DEBUG | ffmpeg_runner |   | [ 26] -metadata
2026-06-14 07:58:49.948 | DEBUG | ffmpeg_runner |   | [ 27] handler_name=@Cairl
2026-06-14 07:58:49.948 | DEBUG | ffmpeg_runner |   | [ 28] -ss
2026-06-14 07:58:49.948 | DEBUG | ffmpeg_runner |   | [ 29] 00:00:00
2026-06-14 07:58:49.948 | DEBUG | ffmpeg_runner |   | [ 30] -to
2026-06-14 07:58:49.948 | DEBUG | ffmpeg_runner |   | [ 31] 00:00:30
2026-06-14 07:58:49.948 | DEBUG | ffmpeg_runner |   | [ 32] U:\【高清剧集网 www.BTHDTV.com】绝命毒师 第一季[全7集][简繁英字幕].Breaking.Bad.S01.2160p.NF.WEB-DL.DDP.5.1.H.265-BlackTV\【高清剧集网 www.BTHDTV.com】绝命毒师 第一季[全7集][简繁英字幕].Breaking.Bad.S01.2160p.NF.WEB-DL.DDP.5.1.H.265-BlackTV (MovieEditor+20260614-075815)\Breaking.Bad.S01E01.Pilot.2160p.NF.WEB-DL.DDP.5.1.H.265-BlackTV.mp4
2026-06-14 07:58:58.589 | INFO  | ffmpeg_runner | [075849_94885] 结束: 成功 (返回码 0) | 用时: 8.4s
2026-06-14 07:58:58.589 | WARN  | ffmpeg_runner | [075849_94885] stderr 输出 (10 行):
2026-06-14 07:58:58.589 | WARN  | ffmpeg_runner |   | frame=  439 fps= 94 q=39.0 size=    3072KiB time=N/A bitrate=N/A speed=N/A elapsed=0:00:04.65
2026-06-14 07:58:58.589 | WARN  | ffmpeg_runner |   | frame=  483 fps= 94 q=40.0 size=    3584KiB time=N/A bitrate=N/A speed=N/A elapsed=0:00:05.16
2026-06-14 07:58:58.589 | WARN  | ffmpeg_runner |   | frame=  527 fps= 93 q=41.0 size=    4096KiB time=N/A bitrate=N/A speed=N/A elapsed=0:00:05.67
2026-06-14 07:58:58.589 | WARN  | ffmpeg_runner |   | frame=  571 fps= 92 q=41.0 size=    4608KiB time=N/A bitrate=N/A speed=N/A elapsed=0:00:06.18
2026-06-14 07:58:58.589 | WARN  | ffmpeg_runner |   | frame=  633 fps= 94 q=39.0 size=    5376KiB time=N/A bitrate=N/A speed=N/A elapsed=0:00:06.70
2026-06-14 07:58:58.589 | WARN  | ffmpeg_runner |   | frame=  682 fps= 94 q=35.0 size=    6400KiB time=N/A bitrate=N/A speed=N/A elapsed=0:00:07.21
2026-06-14 07:58:58.589 | WARN  | ffmpeg_runner |   | frame=  720 fps= 93 q=40.0 size=    6400KiB time=N/A bitrate=N/A speed=N/A elapsed=0:00:07.73
2026-06-14 07:58:58.589 | WARN  | ffmpeg_runner |   | [out#0/mp4 @ 0000016f885f1500] video:8251KiB audio:1409KiB subtitle:0KiB other streams:0KiB global headers:0KiB muxing overhead: 0.241731%
2026-06-14 07:58:58.589 | WARN  | ffmpeg_runner |   | frame=  720 fps= 90 q=40.0 Lsize=    9684KiB time=N/A bitrate=N/A speed=N/A elapsed=0:00:07.96
2026-06-14 07:58:58.589 | WARN  | ffmpeg_runner |   | [aac @ 0000016f88abc940] Qavg: 3318.913
2026-06-14 07:58:58.589 | INFO  | ffmpeg_runner | ===== FFmpeg 结束 [075849_94885] =====

2026-06-14 07:58:58.796 | INFO  | ffmpeg_runner | ===== FFmpeg 开始 [075858_79697] =====
2026-06-14 07:58:58.797 | INFO  | ffmpeg_runner | 任务: S01E02 The Cats in the Bag
2026-06-14 07:58:58.797 | INFO  | ffmpeg_runner | 输入: U:\【高清剧集网 www.BTHDTV.com】绝命毒师 第一季[全7集][简繁英字幕].Breaking.Bad.S01.2160p.NF.WEB-DL.DDP.5.1.H.265-BlackTV\Breaking.Bad.S01E02.The.Cats.in.the.Bag.2160p.NF.WEB-DL.DDP.5.1.H.265-BlackTV.mkv
2026-06-14 07:58:58.797 | INFO  | ffmpeg_runner | 输出: U:\【高清剧集网 www.BTHDTV.com】绝命毒师 第一季[全7集][简繁英字幕].Breaking.Bad.S01.2160p.NF.WEB-DL.DDP.5.1.H.265-BlackTV\【高清剧集网 www.BTHDTV.com】绝命毒师 第一季[全7集][简繁英字幕].Breaking.Bad.S01.2160p.NF.WEB-DL.DDP.5.1.H.265-BlackTV (MovieEditor+20260614-075815)\Breaking.Bad.S01E02.The.Cats.in.the.Bag.2160p.NF.WEB-DL.DDP.5.1.H.265-BlackTV.mp4
2026-06-14 07:58:58.797 | INFO  | ffmpeg_runner | 预计时长: 30.00s
2026-06-14 07:58:58.797 | INFO  | ffmpeg_runner | 命令: ffmpeg -y -hide_banner -ignore_unknown -i U:\【高清剧集网 www.BTHDTV.com】绝命毒师 第一季[全7集][简繁英字幕].Breaking.Bad.S01.2160p.NF.WEB-DL.DDP.5.1.H.265-BlackTV\Breaking.Bad.S01E02.The.Cats.in.the.Bag.2160p.NF.WEB-DL.DDP.5.1.H.265-BlackTV.mkv -map 0:v:0 -map 0:a:0 -map 0:s:2 -map 0:s:3 -map 0:s:4 -c:v hevc_nvenc -preset p4 -c:s mov_text -map_metadata 0 -map_chapters 0 -metadata handler_name=@Cairl -ss 00:00:00 -to 00:00:30 U:\【高清剧集网 www.BTHDTV.com】绝命毒师 第一季[全7集][简繁英字幕].Breaking.Bad.S01.2160p.NF.WEB-DL.DDP.5.1.H.265-BlackTV\【高清剧集网 www.BTHDTV.com】绝命毒师 第一季[全7集][简繁英字幕].Breaking.Bad.S01.2160p.NF.WEB-DL.DDP.5.1.H.265-BlackTV (MovieEditor+20260614-075815)\Breaking.Bad.S01E02.The.Cats.in.the.Bag.2160p.NF.WEB-DL.DDP.5.1.H.265-BlackTV.mp4
2026-06-14 07:58:58.797 | DEBUG | ffmpeg_runner | 命令详情:
2026-06-14 07:58:58.797 | DEBUG | ffmpeg_runner |   | [ 13] 0:s:3
2026-06-14 07:58:58.797 | DEBUG | ffmpeg_runner |   | [ 14] -map
2026-06-14 07:58:58.797 | DEBUG | ffmpeg_runner |   | [ 15] 0:s:4
2026-06-14 07:58:58.797 | DEBUG | ffmpeg_runner |   | [ 16] -c:v
2026-06-14 07:58:58.797 | DEBUG | ffmpeg_runner |   | [ 17] hevc_nvenc
2026-06-14 07:58:58.797 | DEBUG | ffmpeg_runner |   | [ 18] -preset
2026-06-14 07:58:58.797 | DEBUG | ffmpeg_runner |   | [ 19] p4
2026-06-14 07:58:58.797 | DEBUG | ffmpeg_runner |   | [ 20] -c:s
2026-06-14 07:58:58.797 | DEBUG | ffmpeg_runner |   | [ 21] mov_text
2026-06-14 07:58:58.797 | DEBUG | ffmpeg_runner |   | [ 22] -map_metadata
2026-06-14 07:58:58.797 | DEBUG | ffmpeg_runner |   | [ 23] 0
2026-06-14 07:58:58.797 | DEBUG | ffmpeg_runner |   | [ 24] -map_chapters
2026-06-14 07:58:58.797 | DEBUG | ffmpeg_runner |   | [ 25] 0
2026-06-14 07:58:58.797 | DEBUG | ffmpeg_runner |   | [ 26] -metadata
2026-06-14 07:58:58.797 | DEBUG | ffmpeg_runner |   | [ 27] handler_name=@Cairl
2026-06-14 07:58:58.797 | DEBUG | ffmpeg_runner |   | [ 28] -ss
2026-06-14 07:58:58.797 | DEBUG | ffmpeg_runner |   | [ 29] 00:00:00
2026-06-14 07:58:58.797 | DEBUG | ffmpeg_runner |   | [ 30] -to
2026-06-14 07:58:58.797 | DEBUG | ffmpeg_runner |   | [ 31] 00:00:30
2026-06-14 07:58:58.797 | DEBUG | ffmpeg_runner |   | [ 32] U:\【高清剧集网 www.BTHDTV.com】绝命毒师 第一季[全7集][简繁英字幕].Breaking.Bad.S01.2160p.NF.WEB-DL.DDP.5.1.H.265-BlackTV\【高清剧集网 www.BTHDTV.com】绝命毒师 第一季[全7集][简繁英字幕].Breaking.Bad.S01.2160p.NF.WEB-DL.DDP.5.1.H.265-BlackTV (MovieEditor+20260614-075815)\Breaking.Bad.S01E02.The.Cats.in.the.Bag.2160p.NF.WEB-DL.DDP.5.1.H.265-BlackTV.mp4
2026-06-14 07:59:06.046 | DEBUG | ffmpeg_runner | [075858_79697] 进度: 18.4s/30.0s (61.3%) | 速度: 2.97x | 用时: 7.2s
2026-06-14 07:59:09.035 | DEBUG | ffmpeg_runner | [075858_79697] 进度: 20.7s/30.0s (68.8%) | 速度: 2.77x | 用时: 10.2s
2026-06-14 07:59:12.019 | DEBUG | ffmpeg_runner | [075858_79697] 进度: 20.7s/30.0s (68.8%) | 速度: 2.41x | 用时: 13.2s
2026-06-14 07:59:13.607 | INFO  | ffmpeg_runner | [075858_79697] 结束: 成功 (返回码 0) | 用时: 14.8s
2026-06-14 07:59:13.607 | WARN  | ffmpeg_runner | [075858_79697] stderr 输出 (10 行):
2026-06-14 07:59:13.607 | WARN  | ffmpeg_runner |   | frame=  683 fps= 66 q=32.0 size=    5888KiB time=00:00:20.65 bitrate=2335.5kbits/s speed=   2x elapsed=0:00:10.30
2026-06-14 07:59:13.607 | WARN  | ffmpeg_runner |   | frame=  720 fps= 66 q=34.0 size=    5888KiB time=00:00:20.65 bitrate=2335.5kbits/s speed=1.91x elapsed=0:00:10.83
2026-06-14 07:59:13.607 | WARN  | ffmpeg_runner |   | frame=  720 fps= 63 q=34.0 size=    5888KiB time=00:00:20.65 bitrate=2335.5kbits/s speed=1.82x elapsed=0:00:11.34
2026-06-14 07:59:13.607 | WARN  | ffmpeg_runner |   | frame=  720 fps= 61 q=34.0 size=    5888KiB time=00:00:20.65 bitrate=2335.5kbits/s speed=1.74x elapsed=0:00:11.86
2026-06-14 07:59:13.607 | WARN  | ffmpeg_runner |   | frame=  720 fps= 58 q=34.0 size=    5888KiB time=00:00:20.65 bitrate=2335.5kbits/s speed=1.67x elapsed=0:00:12.38
2026-06-14 07:59:13.607 | WARN  | ffmpeg_runner |   | frame=  720 fps= 56 q=34.0 size=    5888KiB time=00:00:21.98 bitrate=2194.5kbits/s speed= 1.7x elapsed=0:00:12.89
2026-06-14 07:59:13.607 | WARN  | ffmpeg_runner |   | frame=  720 fps= 54 q=34.0 size=    5888KiB time=00:00:21.98 bitrate=2194.5kbits/s speed=1.64x elapsed=0:00:13.40
2026-06-14 07:59:13.607 | WARN  | ffmpeg_runner |   | [out#0/mp4 @ 0000026e3769e600] video:7894KiB audio:1407KiB subtitle:0KiB other streams:0KiB global headers:0KiB muxing overhead: 0.253194%
2026-06-14 07:59:13.607 | WARN  | ffmpeg_runner |   | frame=  720 fps= 52 q=34.0 Lsize=    9325KiB time=00:00:20.65 bitrate=3698.6kbits/s speed=1.49x elapsed=0:00:13.82
2026-06-14 07:59:13.607 | WARN  | ffmpeg_runner |   | [aac @ 0000026e3968ccc0] Qavg: 2825.416
2026-06-14 07:59:13.607 | INFO  | ffmpeg_runner | ===== FFmpeg 结束 [075858_79697] =====

2026-06-14 07:59:13.812 | INFO  | ffmpeg_runner | ===== FFmpeg 开始 [075913_81252] =====
2026-06-14 07:59:13.812 | INFO  | ffmpeg_runner | 任务: S01E03 And the Bags in the River
2026-06-14 07:59:13.812 | INFO  | ffmpeg_runner | 输入: U:\【高清剧集网 www.BTHDTV.com】绝命毒师 第一季[全7集][简繁英字幕].Breaking.Bad.S01.2160p.NF.WEB-DL.DDP.5.1.H.265-BlackTV\Breaking.Bad.S01E03.And.the.Bags.in.the.River.2160p.NF.WEB-DL.DDP.5.1.H.265-BlackTV.mkv
2026-06-14 07:59:13.812 | INFO  | ffmpeg_runner | 输出: U:\【高清剧集网 www.BTHDTV.com】绝命毒师 第一季[全7集][简繁英字幕].Breaking.Bad.S01.2160p.NF.WEB-DL.DDP.5.1.H.265-BlackTV\【高清剧集网 www.BTHDTV.com】绝命毒师 第一季[全7集][简繁英字幕].Breaking.Bad.S01.2160p.NF.WEB-DL.DDP.5.1.H.265-BlackTV (MovieEditor+20260614-075815)\Breaking.Bad.S01E03.And.the.Bags.in.the.River.2160p.NF.WEB-DL.DDP.5.1.H.265-BlackTV.mp4
2026-06-14 07:59:13.812 | INFO  | ffmpeg_runner | 预计时长: 30.00s
2026-06-14 07:59:13.812 | INFO  | ffmpeg_runner | 命令: ffmpeg -y -hide_banner -ignore_unknown -i U:\【高清剧集网 www.BTHDTV.com】绝命毒师 第一季[全7集][简繁英字幕].Breaking.Bad.S01.2160p.NF.WEB-DL.DDP.5.1.H.265-BlackTV\Breaking.Bad.S01E03.And.the.Bags.in.the.River.2160p.NF.WEB-DL.DDP.5.1.H.265-BlackTV.mkv -map 0:v:0 -map 0:a:0 -map 0:s:2 -map 0:s:3 -map 0:s:4 -c:v hevc_nvenc -preset p4 -c:s mov_text -map_metadata 0 -map_chapters 0 -metadata handler_name=@Cairl -ss 00:00:00 -to 00:00:30 U:\【高清剧集网 www.BTHDTV.com】绝命毒师 第一季[全7集][简繁英字幕].Breaking.Bad.S01.2160p.NF.WEB-DL.DDP.5.1.H.265-BlackTV\【高清剧集网 www.BTHDTV.com】绝命毒师 第一季[全7集][简繁英字幕].Breaking.Bad.S01.2160p.NF.WEB-DL.DDP.5.1.H.265-BlackTV (MovieEditor+20260614-075815)\Breaking.Bad.S01E03.And.the.Bags.in.the.River.2160p.NF.WEB-DL.DDP.5.1.H.265-BlackTV.mp4
2026-06-14 07:59:13.812 | DEBUG | ffmpeg_runner | 命令详情:
2026-06-14 07:59:13.812 | DEBUG | ffmpeg_runner |   | [ 13] 0:s:3
2026-06-14 07:59:13.812 | DEBUG | ffmpeg_runner |   | [ 14] -map
2026-06-14 07:59:13.812 | DEBUG | ffmpeg_runner |   | [ 15] 0:s:4
2026-06-14 07:59:13.812 | DEBUG | ffmpeg_runner |   | [ 16] -c:v
2026-06-14 07:59:13.812 | DEBUG | ffmpeg_runner |   | [ 17] hevc_nvenc
2026-06-14 07:59:13.812 | DEBUG | ffmpeg_runner |   | [ 18] -preset
2026-06-14 07:59:13.812 | DEBUG | ffmpeg_runner |   | [ 19] p4
2026-06-14 07:59:13.812 | DEBUG | ffmpeg_runner |   | [ 20] -c:s
2026-06-14 07:59:13.812 | DEBUG | ffmpeg_runner |   | [ 21] mov_text
2026-06-14 07:59:13.812 | DEBUG | ffmpeg_runner |   | [ 22] -map_metadata
2026-06-14 07:59:13.812 | DEBUG | ffmpeg_runner |   | [ 23] 0
2026-06-14 07:59:13.812 | DEBUG | ffmpeg_runner |   | [ 24] -map_chapters
2026-06-14 07:59:13.812 | DEBUG | ffmpeg_runner |   | [ 25] 0
2026-06-14 07:59:13.812 | DEBUG | ffmpeg_runner |   | [ 26] -metadata
2026-06-14 07:59:13.812 | DEBUG | ffmpeg_runner |   | [ 27] handler_name=@Cairl
2026-06-14 07:59:13.812 | DEBUG | ffmpeg_runner |   | [ 28] -ss
2026-06-14 07:59:13.812 | DEBUG | ffmpeg_runner |   | [ 29] 00:00:00
2026-06-14 07:59:13.812 | DEBUG | ffmpeg_runner |   | [ 30] -to
2026-06-14 07:59:13.812 | DEBUG | ffmpeg_runner |   | [ 31] 00:00:30
2026-06-14 07:59:13.812 | DEBUG | ffmpeg_runner |   | [ 32] U:\【高清剧集网 www.BTHDTV.com】绝命毒师 第一季[全7集][简繁英字幕].Breaking.Bad.S01.2160p.NF.WEB-DL.DDP.5.1.H.265-BlackTV\【高清剧集网 www.BTHDTV.com】绝命毒师 第一季[全7集][简繁英字幕].Breaking.Bad.S01.2160p.NF.WEB-DL.DDP.5.1.H.265-BlackTV (MovieEditor+20260614-075815)\Breaking.Bad.S01E03.And.the.Bags.in.the.River.2160p.NF.WEB-DL.DDP.5.1.H.265-BlackTV.mp4
2026-06-14 07:59:22.808 | INFO  | ffmpeg_runner | [075913_81252] 结束: 成功 (返回码 0) | 用时: 9.0s
2026-06-14 07:59:22.808 | WARN  | ffmpeg_runner | [075913_81252] stderr 输出 (10 行):
2026-06-14 07:59:22.808 | WARN  | ffmpeg_runner |   | frame=  458 fps= 88 q=37.0 size=    3840KiB time=N/A bitrate=N/A speed=N/A elapsed=0:00:05.17
2026-06-14 07:59:22.808 | WARN  | ffmpeg_runner |   | frame=  502 fps= 88 q=32.0 size=    4352KiB time=N/A bitrate=N/A speed=N/A elapsed=0:00:05.69
2026-06-14 07:59:22.808 | WARN  | ffmpeg_runner |   | frame=  543 fps= 87 q=37.0 size=    4864KiB time=N/A bitrate=N/A speed=N/A elapsed=0:00:06.20
2026-06-14 07:59:22.808 | WARN  | ffmpeg_runner |   | frame=  582 fps= 87 q=33.0 size=    5632KiB time=N/A bitrate=N/A speed=N/A elapsed=0:00:06.71
2026-06-14 07:59:22.808 | WARN  | ffmpeg_runner |   | frame=  622 fps= 86 q=30.0 size=    6144KiB time=N/A bitrate=N/A speed=N/A elapsed=0:00:07.24
2026-06-14 07:59:22.810 | WARN  | ffmpeg_runner |   | frame=  651 fps= 84 q=36.0 size=    6656KiB time=N/A bitrate=N/A speed=N/A elapsed=0:00:07.76
2026-06-14 07:59:22.810 | WARN  | ffmpeg_runner |   | frame=  695 fps= 84 q=36.0 size=    7168KiB time=N/A bitrate=N/A speed=N/A elapsed=0:00:08.27
2026-06-14 07:59:22.810 | WARN  | ffmpeg_runner |   | [out#0/mp4 @ 0000028a0261bb80] video:8787KiB audio:1409KiB subtitle:0KiB other streams:0KiB global headers:0KiB muxing overhead: 0.229047%
2026-06-14 07:59:22.810 | WARN  | ffmpeg_runner |   | frame=  720 fps= 82 q=39.0 Lsize=   10219KiB time=N/A bitrate=N/A speed=N/A elapsed=0:00:08.78
2026-06-14 07:59:22.810 | WARN  | ffmpeg_runner |   | [aac @ 0000028a026178c0] Qavg: 3167.874
2026-06-14 07:59:22.810 | INFO  | ffmpeg_runner | ===== FFmpeg 结束 [075913_81252] =====

2026-06-14 07:59:23.013 | INFO  | ffmpeg_runner | ===== FFmpeg 开始 [075923_01303] =====
2026-06-14 07:59:23.013 | INFO  | ffmpeg_runner | 任务: S01E04 Cancer Man
2026-06-14 07:59:23.013 | INFO  | ffmpeg_runner | 输入: U:\【高清剧集网 www.BTHDTV.com】绝命毒师 第一季[全7集][简繁英字幕].Breaking.Bad.S01.2160p.NF.WEB-DL.DDP.5.1.H.265-BlackTV\Breaking.Bad.S01E04.Cancer.Man.2160p.NF.WEB-DL.DDP.5.1.H.265-BlackTV.mkv
2026-06-14 07:59:23.013 | INFO  | ffmpeg_runner | 输出: U:\【高清剧集网 www.BTHDTV.com】绝命毒师 第一季[全7集][简繁英字幕].Breaking.Bad.S01.2160p.NF.WEB-DL.DDP.5.1.H.265-BlackTV\【高清剧集网 www.BTHDTV.com】绝命毒师 第一季[全7集][简繁英字幕].Breaking.Bad.S01.2160p.NF.WEB-DL.DDP.5.1.H.265-BlackTV (MovieEditor+20260614-075815)\Breaking.Bad.S01E04.Cancer.Man.2160p.NF.WEB-DL.DDP.5.1.H.265-BlackTV.mp4
2026-06-14 07:59:23.013 | INFO  | ffmpeg_runner | 预计时长: 30.00s
2026-06-14 07:59:23.013 | INFO  | ffmpeg_runner | 命令: ffmpeg -y -hide_banner -ignore_unknown -i U:\【高清剧集网 www.BTHDTV.com】绝命毒师 第一季[全7集][简繁英字幕].Breaking.Bad.S01.2160p.NF.WEB-DL.DDP.5.1.H.265-BlackTV\Breaking.Bad.S01E04.Cancer.Man.2160p.NF.WEB-DL.DDP.5.1.H.265-BlackTV.mkv -map 0:v:0 -map 0:a:0 -map 0:s:2 -map 0:s:3 -map 0:s:4 -c:v hevc_nvenc -preset p4 -c:s mov_text -map_metadata 0 -map_chapters 0 -metadata handler_name=@Cairl -ss 00:00:00 -to 00:00:30 U:\【高清剧集网 www.BTHDTV.com】绝命毒师 第一季[全7集][简繁英字幕].Breaking.Bad.S01.2160p.NF.WEB-DL.DDP.5.1.H.265-BlackTV\【高清剧集网 www.BTHDTV.com】绝命毒师 第一季[全7集][简繁英字幕].Breaking.Bad.S01.2160p.NF.WEB-DL.DDP.5.1.H.265-BlackTV (MovieEditor+20260614-075815)\Breaking.Bad.S01E04.Cancer.Man.2160p.NF.WEB-DL.DDP.5.1.H.265-BlackTV.mp4
2026-06-14 07:59:23.013 | DEBUG | ffmpeg_runner | 命令详情:
2026-06-14 07:59:23.013 | DEBUG | ffmpeg_runner |   | [ 13] 0:s:3
2026-06-14 07:59:23.013 | DEBUG | ffmpeg_runner |   | [ 14] -map
2026-06-14 07:59:23.013 | DEBUG | ffmpeg_runner |   | [ 15] 0:s:4
2026-06-14 07:59:23.013 | DEBUG | ffmpeg_runner |   | [ 16] -c:v
2026-06-14 07:59:23.013 | DEBUG | ffmpeg_runner |   | [ 17] hevc_nvenc
2026-06-14 07:59:23.013 | DEBUG | ffmpeg_runner |   | [ 18] -preset
2026-06-14 07:59:23.013 | DEBUG | ffmpeg_runner |   | [ 19] p4
2026-06-14 07:59:23.013 | DEBUG | ffmpeg_runner |   | [ 20] -c:s
2026-06-14 07:59:23.013 | DEBUG | ffmpeg_runner |   | [ 21] mov_text
2026-06-14 07:59:23.013 | DEBUG | ffmpeg_runner |   | [ 22] -map_metadata
2026-06-14 07:59:23.013 | DEBUG | ffmpeg_runner |   | [ 23] 0
2026-06-14 07:59:23.013 | DEBUG | ffmpeg_runner |   | [ 24] -map_chapters
2026-06-14 07:59:23.014 | DEBUG | ffmpeg_runner |   | [ 25] 0
2026-06-14 07:59:23.014 | DEBUG | ffmpeg_runner |   | [ 26] -metadata
2026-06-14 07:59:23.014 | DEBUG | ffmpeg_runner |   | [ 27] handler_name=@Cairl
2026-06-14 07:59:23.014 | DEBUG | ffmpeg_runner |   | [ 28] -ss
2026-06-14 07:59:23.014 | DEBUG | ffmpeg_runner |   | [ 29] 00:00:00
2026-06-14 07:59:23.014 | DEBUG | ffmpeg_runner |   | [ 30] -to
2026-06-14 07:59:23.014 | DEBUG | ffmpeg_runner |   | [ 31] 00:00:30
2026-06-14 07:59:23.014 | DEBUG | ffmpeg_runner |   | [ 32] U:\【高清剧集网 www.BTHDTV.com】绝命毒师 第一季[全7集][简繁英字幕].Breaking.Bad.S01.2160p.NF.WEB-DL.DDP.5.1.H.265-BlackTV\【高清剧集网 www.BTHDTV.com】绝命毒师 第一季[全7集][简繁英字幕].Breaking.Bad.S01.2160p.NF.WEB-DL.DDP.5.1.H.265-BlackTV (MovieEditor+20260614-075815)\Breaking.Bad.S01E04.Cancer.Man.2160p.NF.WEB-DL.DDP.5.1.H.265-BlackTV.mp4
2026-06-14 07:59:27.027 | DEBUG | ffmpeg_runner | [075923_01303] 进度: 12.6s/30.0s (42.0%) | 速度: 2.99x | 用时: 4.0s
2026-06-14 07:59:30.025 | DEBUG | ffmpeg_runner | [075923_01303] 进度: 23.9s/30.0s (79.8%) | 速度: 3.25x | 用时: 7.0s
2026-06-14 07:59:31.569 | INFO  | ffmpeg_runner | [075923_01303] 结束: 成功 (返回码 0) | 用时: 8.6s
2026-06-14 07:59:31.569 | WARN  | ffmpeg_runner | [075923_01303] stderr 输出 (10 行):
2026-06-14 07:59:31.569 | WARN  | ffmpeg_runner |   | frame=  393 fps= 85 q=38.0 size=    4864KiB time=00:00:16.26 bitrate=2449.6kbits/s speed=3.51x elapsed=0:00:04.63
2026-06-14 07:59:31.569 | WARN  | ffmpeg_runner |   | frame=  439 fps= 85 q=37.0 size=    5120KiB time=00:00:18.18 bitrate=2306.5kbits/s speed=3.53x elapsed=0:00:05.14
2026-06-14 07:59:31.569 | WARN  | ffmpeg_runner |   | frame=  486 fps= 86 q=38.0 size=    5888KiB time=00:00:20.14 bitrate=2394.4kbits/s speed=3.56x elapsed=0:00:05.66
2026-06-14 07:59:31.569 | WARN  | ffmpeg_runner |   | frame=  531 fps= 86 q=36.0 size=    6656KiB time=00:00:22.02 bitrate=2476.0kbits/s speed=3.56x elapsed=0:00:06.17
2026-06-14 07:59:31.569 | WARN  | ffmpeg_runner |   | frame=  577 fps= 86 q=39.0 size=    7168KiB time=00:00:23.94 bitrate=2452.8kbits/s speed=3.57x elapsed=0:00:06.70
2026-06-14 07:59:31.569 | WARN  | ffmpeg_runner |   | frame=  621 fps= 86 q=38.0 size=    7680KiB time=00:00:25.77 bitrate=2440.9kbits/s speed=3.57x elapsed=0:00:07.21
2026-06-14 07:59:31.569 | WARN  | ffmpeg_runner |   | frame=  658 fps= 85 q=31.0 size=    8192KiB time=00:00:27.31 bitrate=2456.5kbits/s speed=3.53x elapsed=0:00:07.72
2026-06-14 07:59:31.569 | WARN  | ffmpeg_runner |   | [out#0/mp4 @ 00000194b0e1e740] video:7681KiB audio:1415KiB subtitle:1KiB other streams:0KiB global headers:0KiB muxing overhead: 0.270681%
2026-06-14 07:59:31.569 | WARN  | ffmpeg_runner |   | frame=  720 fps= 87 q=38.0 Lsize=    9122KiB time=00:00:29.90 bitrate=2498.7kbits/s speed= 3.6x elapsed=0:00:08.31
2026-06-14 07:59:31.569 | WARN  | ffmpeg_runner |   | [aac @ 00000194b164d800] Qavg: 2583.283
2026-06-14 07:59:31.569 | INFO  | ffmpeg_runner | ===== FFmpeg 结束 [075923_01303] =====

2026-06-14 07:59:31.771 | INFO  | ffmpeg_runner | ===== FFmpeg 开始 [075931_77114] =====
2026-06-14 07:59:31.771 | INFO  | ffmpeg_runner | 任务: S01E05 Gray Matter
2026-06-14 07:59:31.771 | INFO  | ffmpeg_runner | 输入: U:\【高清剧集网 www.BTHDTV.com】绝命毒师 第一季[全7集][简繁英字幕].Breaking.Bad.S01.2160p.NF.WEB-DL.DDP.5.1.H.265-BlackTV\Breaking.Bad.S01E05.Gray.Matter.2160p.NF.WEB-DL.DDP.5.1.H.265-BlackTV.mkv
2026-06-14 07:59:31.771 | INFO  | ffmpeg_runner | 输出: U:\【高清剧集网 www.BTHDTV.com】绝命毒师 第一季[全7集][简繁英字幕].Breaking.Bad.S01.2160p.NF.WEB-DL.DDP.5.1.H.265-BlackTV\【高清剧集网 www.BTHDTV.com】绝命毒师 第一季[全7集][简繁英字幕].Breaking.Bad.S01.2160p.NF.WEB-DL.DDP.5.1.H.265-BlackTV (MovieEditor+20260614-075815)\Breaking.Bad.S01E05.Gray.Matter.2160p.NF.WEB-DL.DDP.5.1.H.265-BlackTV.mp4
2026-06-14 07:59:31.771 | INFO  | ffmpeg_runner | 预计时长: 30.00s
2026-06-14 07:59:31.771 | INFO  | ffmpeg_runner | 命令: ffmpeg -y -hide_banner -ignore_unknown -i U:\【高清剧集网 www.BTHDTV.com】绝命毒师 第一季[全7集][简繁英字幕].Breaking.Bad.S01.2160p.NF.WEB-DL.DDP.5.1.H.265-BlackTV\Breaking.Bad.S01E05.Gray.Matter.2160p.NF.WEB-DL.DDP.5.1.H.265-BlackTV.mkv -map 0:v:0 -map 0:a:0 -map 0:s:2 -map 0:s:3 -map 0:s:4 -c:v hevc_nvenc -preset p4 -c:s mov_text -map_metadata 0 -map_chapters 0 -metadata handler_name=@Cairl -ss 00:00:00 -to 00:00:30 U:\【高清剧集网 www.BTHDTV.com】绝命毒师 第一季[全7集][简繁英字幕].Breaking.Bad.S01.2160p.NF.WEB-DL.DDP.5.1.H.265-BlackTV\【高清剧集网 www.BTHDTV.com】绝命毒师 第一季[全7集][简繁英字幕].Breaking.Bad.S01.2160p.NF.WEB-DL.DDP.5.1.H.265-BlackTV (MovieEditor+20260614-075815)\Breaking.Bad.S01E05.Gray.Matter.2160p.NF.WEB-DL.DDP.5.1.H.265-BlackTV.mp4
2026-06-14 07:59:31.771 | DEBUG | ffmpeg_runner | 命令详情:
2026-06-14 07:59:31.771 | DEBUG | ffmpeg_runner |   | [ 13] 0:s:3
2026-06-14 07:59:31.771 | DEBUG | ffmpeg_runner |   | [ 14] -map
2026-06-14 07:59:31.771 | DEBUG | ffmpeg_runner |   | [ 15] 0:s:4
2026-06-14 07:59:31.771 | DEBUG | ffmpeg_runner |   | [ 16] -c:v
2026-06-14 07:59:31.771 | DEBUG | ffmpeg_runner |   | [ 17] hevc_nvenc
2026-06-14 07:59:31.771 | DEBUG | ffmpeg_runner |   | [ 18] -preset
2026-06-14 07:59:31.771 | DEBUG | ffmpeg_runner |   | [ 19] p4
2026-06-14 07:59:31.771 | DEBUG | ffmpeg_runner |   | [ 20] -c:s
2026-06-14 07:59:31.771 | DEBUG | ffmpeg_runner |   | [ 21] mov_text
2026-06-14 07:59:31.771 | DEBUG | ffmpeg_runner |   | [ 22] -map_metadata
2026-06-14 07:59:31.771 | DEBUG | ffmpeg_runner |   | [ 23] 0
2026-06-14 07:59:31.771 | DEBUG | ffmpeg_runner |   | [ 24] -map_chapters
2026-06-14 07:59:31.771 | DEBUG | ffmpeg_runner |   | [ 25] 0
2026-06-14 07:59:31.771 | DEBUG | ffmpeg_runner |   | [ 26] -metadata
2026-06-14 07:59:31.772 | DEBUG | ffmpeg_runner |   | [ 27] handler_name=@Cairl
2026-06-14 07:59:31.772 | DEBUG | ffmpeg_runner |   | [ 28] -ss
2026-06-14 07:59:31.772 | DEBUG | ffmpeg_runner |   | [ 29] 00:00:00
2026-06-14 07:59:31.772 | DEBUG | ffmpeg_runner |   | [ 30] -to
2026-06-14 07:59:31.772 | DEBUG | ffmpeg_runner |   | [ 31] 00:00:30
2026-06-14 07:59:31.772 | DEBUG | ffmpeg_runner |   | [ 32] U:\【高清剧集网 www.BTHDTV.com】绝命毒师 第一季[全7集][简繁英字幕].Breaking.Bad.S01.2160p.NF.WEB-DL.DDP.5.1.H.265-BlackTV\【高清剧集网 www.BTHDTV.com】绝命毒师 第一季[全7集][简繁英字幕].Breaking.Bad.S01.2160p.NF.WEB-DL.DDP.5.1.H.265-BlackTV (MovieEditor+20260614-075815)\Breaking.Bad.S01E05.Gray.Matter.2160p.NF.WEB-DL.DDP.5.1.H.265-BlackTV.mp4
2026-06-14 07:59:33.043 | DEBUG | ffmpeg_runner | [075931_77114] 进度: 2.2s/30.0s (7.2%) | 速度: 2.10x | 用时: 1.3s
2026-06-14 07:59:36.036 | DEBUG | ffmpeg_runner | [075931_77114] 进度: 10.2s/30.0s (33.9%) | 速度: 2.29x | 用时: 4.3s
2026-06-14 07:59:39.030 | DEBUG | ffmpeg_runner | [075931_77114] 进度: 16.4s/30.0s (54.6%) | 速度: 2.37x | 用时: 7.3s
2026-06-14 07:59:42.029 | DEBUG | ffmpeg_runner | [075931_77114] 进度: 26.2s/30.0s (87.4%) | 速度: 2.44x | 用时: 10.3s
2026-06-14 07:59:42.736 | INFO  | ffmpeg_runner | [075931_77114] 结束: 成功 (返回码 0) | 用时: 11.0s
2026-06-14 07:59:42.736 | WARN  | ffmpeg_runner | [075931_77114] stderr 输出 (10 行):
2026-06-14 07:59:42.736 | WARN  | ffmpeg_runner |   | frame=  424 fps= 59 q=26.0 size=    5376KiB time=00:00:17.55 bitrate=2508.1kbits/s speed=2.43x elapsed=0:00:07.21
2026-06-14 07:59:42.736 | WARN  | ffmpeg_runner |   | frame=  452 fps= 58 q=30.0 size=    5888KiB time=00:00:18.72 bitrate=2575.7kbits/s speed=2.42x elapsed=0:00:07.73
2026-06-14 07:59:42.736 | WARN  | ffmpeg_runner |   | frame=  491 fps= 60 q=36.0 size=    6656KiB time=00:00:20.35 bitrate=2678.9kbits/s speed=2.47x elapsed=0:00:08.24
2026-06-14 07:59:42.736 | WARN  | ffmpeg_runner |   | frame=  520 fps= 59 q=39.0 size=    7168KiB time=00:00:21.56 bitrate=2723.2kbits/s speed=2.46x elapsed=0:00:08.77
2026-06-14 07:59:42.736 | WARN  | ffmpeg_runner |   | frame=  577 fps= 62 q=38.0 size=    7680KiB time=00:00:23.94 bitrate=2628.0kbits/s speed=2.58x elapsed=0:00:09.28
2026-06-14 07:59:42.736 | WARN  | ffmpeg_runner |   | frame=  632 fps= 64 q=37.0 size=    7936KiB time=00:00:26.23 bitrate=2478.1kbits/s speed=2.68x elapsed=0:00:09.80
2026-06-14 07:59:42.736 | WARN  | ffmpeg_runner |   | frame=  682 fps= 66 q=18.0 size=    9984KiB time=00:00:28.31 bitrate=2888.0kbits/s speed=2.75x elapsed=0:00:10.31
2026-06-14 07:59:42.736 | WARN  | ffmpeg_runner |   | [out#0/mp4 @ 000001a45312e300] video:9634KiB audio:1411KiB subtitle:1KiB other streams:0KiB global headers:0KiB muxing overhead: 0.222915%
2026-06-14 07:59:42.736 | WARN  | ffmpeg_runner |   | frame=  720 fps= 67 q=36.0 Lsize=   11071KiB time=00:00:29.90 bitrate=3032.7kbits/s speed= 2.8x elapsed=0:00:10.68
2026-06-14 07:59:42.736 | WARN  | ffmpeg_runner |   | [aac @ 000001a453688780] Qavg: 2864.097
2026-06-14 07:59:42.736 | INFO  | ffmpeg_runner | ===== FFmpeg 结束 [075931_77114] =====

2026-06-14 07:59:42.955 | INFO  | ffmpeg_runner | ===== FFmpeg 开始 [075942_95559] =====
2026-06-14 07:59:42.955 | INFO  | ffmpeg_runner | 任务: S01E06 Crazy Handful of Nothin
2026-06-14 07:59:42.955 | INFO  | ffmpeg_runner | 输入: U:\【高清剧集网 www.BTHDTV.com】绝命毒师 第一季[全7集][简繁英字幕].Breaking.Bad.S01.2160p.NF.WEB-DL.DDP.5.1.H.265-BlackTV\Breaking.Bad.S01E06.Crazy.Handful.of.Nothin.2160p.NF.WEB-DL.DDP.5.1.H.265-BlackTV.mkv
2026-06-14 07:59:42.955 | INFO  | ffmpeg_runner | 输出: U:\【高清剧集网 www.BTHDTV.com】绝命毒师 第一季[全7集][简繁英字幕].Breaking.Bad.S01.2160p.NF.WEB-DL.DDP.5.1.H.265-BlackTV\【高清剧集网 www.BTHDTV.com】绝命毒师 第一季[全7集][简繁英字幕].Breaking.Bad.S01.2160p.NF.WEB-DL.DDP.5.1.H.265-BlackTV (MovieEditor+20260614-075815)\Breaking.Bad.S01E06.Crazy.Handful.of.Nothin.2160p.NF.WEB-DL.DDP.5.1.H.265-BlackTV.mp4
2026-06-14 07:59:42.955 | INFO  | ffmpeg_runner | 预计时长: 30.00s
2026-06-14 07:59:42.955 | INFO  | ffmpeg_runner | 命令: ffmpeg -y -hide_banner -ignore_unknown -i U:\【高清剧集网 www.BTHDTV.com】绝命毒师 第一季[全7集][简繁英字幕].Breaking.Bad.S01.2160p.NF.WEB-DL.DDP.5.1.H.265-BlackTV\Breaking.Bad.S01E06.Crazy.Handful.of.Nothin.2160p.NF.WEB-DL.DDP.5.1.H.265-BlackTV.mkv -map 0:v:0 -map 0:a:0 -map 0:s:2 -map 0:s:3 -map 0:s:4 -c:v hevc_nvenc -preset p4 -c:s mov_text -map_metadata 0 -map_chapters 0 -metadata handler_name=@Cairl -ss 00:00:00 -to 00:00:30 U:\【高清剧集网 www.BTHDTV.com】绝命毒师 第一季[全7集][简繁英字幕].Breaking.Bad.S01.2160p.NF.WEB-DL.DDP.5.1.H.265-BlackTV\【高清剧集网 www.BTHDTV.com】绝命毒师 第一季[全7集][简繁英字幕].Breaking.Bad.S01.2160p.NF.WEB-DL.DDP.5.1.H.265-BlackTV (MovieEditor+20260614-075815)\Breaking.Bad.S01E06.Crazy.Handful.of.Nothin.2160p.NF.WEB-DL.DDP.5.1.H.265-BlackTV.mp4
2026-06-14 07:59:42.955 | DEBUG | ffmpeg_runner | 命令详情:
2026-06-14 07:59:42.955 | DEBUG | ffmpeg_runner |   | [ 13] 0:s:3
2026-06-14 07:59:42.955 | DEBUG | ffmpeg_runner |   | [ 14] -map
2026-06-14 07:59:42.956 | DEBUG | ffmpeg_runner |   | [ 15] 0:s:4
2026-06-14 07:59:42.956 | DEBUG | ffmpeg_runner |   | [ 16] -c:v
2026-06-14 07:59:42.956 | DEBUG | ffmpeg_runner |   | [ 17] hevc_nvenc
2026-06-14 07:59:42.956 | DEBUG | ffmpeg_runner |   | [ 18] -preset
2026-06-14 07:59:42.956 | DEBUG | ffmpeg_runner |   | [ 19] p4
2026-06-14 07:59:42.956 | DEBUG | ffmpeg_runner |   | [ 20] -c:s
2026-06-14 07:59:42.956 | DEBUG | ffmpeg_runner |   | [ 21] mov_text
2026-06-14 07:59:42.956 | DEBUG | ffmpeg_runner |   | [ 22] -map_metadata
2026-06-14 07:59:42.956 | DEBUG | ffmpeg_runner |   | [ 23] 0
2026-06-14 07:59:42.956 | DEBUG | ffmpeg_runner |   | [ 24] -map_chapters
2026-06-14 07:59:42.956 | DEBUG | ffmpeg_runner |   | [ 25] 0
2026-06-14 07:59:42.956 | DEBUG | ffmpeg_runner |   | [ 26] -metadata
2026-06-14 07:59:42.956 | DEBUG | ffmpeg_runner |   | [ 27] handler_name=@Cairl
2026-06-14 07:59:42.956 | DEBUG | ffmpeg_runner |   | [ 28] -ss
2026-06-14 07:59:42.956 | DEBUG | ffmpeg_runner |   | [ 29] 00:00:00
2026-06-14 07:59:42.956 | DEBUG | ffmpeg_runner |   | [ 30] -to
2026-06-14 07:59:42.956 | DEBUG | ffmpeg_runner |   | [ 31] 00:00:30
2026-06-14 07:59:42.956 | DEBUG | ffmpeg_runner |   | [ 32] U:\【高清剧集网 www.BTHDTV.com】绝命毒师 第一季[全7集][简繁英字幕].Breaking.Bad.S01.2160p.NF.WEB-DL.DDP.5.1.H.265-BlackTV\【高清剧集网 www.BTHDTV.com】绝命毒师 第一季[全7集][简繁英字幕].Breaking.Bad.S01.2160p.NF.WEB-DL.DDP.5.1.H.265-BlackTV (MovieEditor+20260614-075815)\Breaking.Bad.S01E06.Crazy.Handful.of.Nothin.2160p.NF.WEB-DL.DDP.5.1.H.265-BlackTV.mp4
2026-06-14 07:59:52.040 | INFO  | ffmpeg_runner | [075942_95559] 结束: 成功 (返回码 0) | 用时: 9.1s
2026-06-14 07:59:52.040 | WARN  | ffmpeg_runner | [075942_95559] stderr 输出 (10 行):
2026-06-14 07:59:52.040 | WARN  | ffmpeg_runner |   | frame=  479 fps= 84 q=41.0 size=    4352KiB time=N/A bitrate=N/A speed=N/A elapsed=0:00:05.68
2026-06-14 07:59:52.040 | WARN  | ffmpeg_runner |   | frame=  523 fps= 84 q=39.0 size=    5120KiB time=N/A bitrate=N/A speed=N/A elapsed=0:00:06.19
2026-06-14 07:59:52.040 | WARN  | ffmpeg_runner |   | frame=  567 fps= 85 q=38.0 size=    5888KiB time=N/A bitrate=N/A speed=N/A elapsed=0:00:06.70
2026-06-14 07:59:52.040 | WARN  | ffmpeg_runner |   | frame=  606 fps= 84 q=33.0 size=    6656KiB time=N/A bitrate=N/A speed=N/A elapsed=0:00:07.21
2026-06-14 07:59:52.040 | WARN  | ffmpeg_runner |   | frame=  651 fps= 84 q=37.0 size=    6912KiB time=N/A bitrate=N/A speed=N/A elapsed=0:00:07.73
2026-06-14 07:59:52.040 | WARN  | ffmpeg_runner |   | frame=  695 fps= 84 q=38.0 size=    7168KiB time=N/A bitrate=N/A speed=N/A elapsed=0:00:08.24
2026-06-14 07:59:52.040 | WARN  | ffmpeg_runner |   | frame=  720 fps= 82 q=39.0 size=    7168KiB time=N/A bitrate=N/A speed=N/A elapsed=0:00:08.77
2026-06-14 07:59:52.040 | WARN  | ffmpeg_runner |   | [out#0/mp4 @ 000002dfb633e600] video:8272KiB audio:1410KiB subtitle:0KiB other streams:0KiB global headers:0KiB muxing overhead: 0.241192%
2026-06-14 07:59:52.040 | WARN  | ffmpeg_runner |   | frame=  720 fps= 81 q=39.0 Lsize=    9705KiB time=N/A bitrate=N/A speed=N/A elapsed=0:00:08.86
2026-06-14 07:59:52.040 | WARN  | ffmpeg_runner |   | [aac @ 000002dfb6c1ccc0] Qavg: 2898.085
2026-06-14 07:59:52.040 | INFO  | ffmpeg_runner | ===== FFmpeg 结束 [075942_95559] =====

2026-06-14 07:59:52.243 | INFO  | ffmpeg_runner | ===== FFmpeg 开始 [075952_24335] =====
2026-06-14 07:59:52.243 | INFO  | ffmpeg_runner | 任务: S01E07 A No Rough Stuff Type Deal
2026-06-14 07:59:52.243 | INFO  | ffmpeg_runner | 输入: U:\【高清剧集网 www.BTHDTV.com】绝命毒师 第一季[全7集][简繁英字幕].Breaking.Bad.S01.2160p.NF.WEB-DL.DDP.5.1.H.265-BlackTV\Breaking.Bad.S01E07.A.No-Rough-Stuff-Type.Deal.2160p.NF.WEB-DL.DDP.5.1.H.265-BlackTV.mkv
2026-06-14 07:59:52.243 | INFO  | ffmpeg_runner | 输出: U:\【高清剧集网 www.BTHDTV.com】绝命毒师 第一季[全7集][简繁英字幕].Breaking.Bad.S01.2160p.NF.WEB-DL.DDP.5.1.H.265-BlackTV\【高清剧集网 www.BTHDTV.com】绝命毒师 第一季[全7集][简繁英字幕].Breaking.Bad.S01.2160p.NF.WEB-DL.DDP.5.1.H.265-BlackTV (MovieEditor+20260614-075815)\Breaking.Bad.S01E07.A.No-Rough-Stuff-Type.Deal.2160p.NF.WEB-DL.DDP.5.1.H.265-BlackTV.mp4
2026-06-14 07:59:52.243 | INFO  | ffmpeg_runner | 预计时长: 30.00s
2026-06-14 07:59:52.243 | INFO  | ffmpeg_runner | 命令: ffmpeg -y -hide_banner -ignore_unknown -i U:\【高清剧集网 www.BTHDTV.com】绝命毒师 第一季[全7集][简繁英字幕].Breaking.Bad.S01.2160p.NF.WEB-DL.DDP.5.1.H.265-BlackTV\Breaking.Bad.S01E07.A.No-Rough-Stuff-Type.Deal.2160p.NF.WEB-DL.DDP.5.1.H.265-BlackTV.mkv -map 0:v:0 -map 0:a:0 -map 0:s:2 -map 0:s:3 -map 0:s:4 -c:v hevc_nvenc -preset p4 -c:s mov_text -map_metadata 0 -map_chapters 0 -metadata handler_name=@Cairl -ss 00:00:00 -to 00:00:30 U:\【高清剧集网 www.BTHDTV.com】绝命毒师 第一季[全7集][简繁英字幕].Breaking.Bad.S01.2160p.NF.WEB-DL.DDP.5.1.H.265-BlackTV\【高清剧集网 www.BTHDTV.com】绝命毒师 第一季[全7集][简繁英字幕].Breaking.Bad.S01.2160p.NF.WEB-DL.DDP.5.1.H.265-BlackTV (MovieEditor+20260614-075815)\Breaking.Bad.S01E07.A.No-Rough-Stuff-Type.Deal.2160p.NF.WEB-DL.DDP.5.1.H.265-BlackTV.mp4
2026-06-14 07:59:52.243 | DEBUG | ffmpeg_runner | 命令详情:
2026-06-14 07:59:52.243 | DEBUG | ffmpeg_runner |   | [ 13] 0:s:3
2026-06-14 07:59:52.243 | DEBUG | ffmpeg_runner |   | [ 14] -map
2026-06-14 07:59:52.243 | DEBUG | ffmpeg_runner |   | [ 15] 0:s:4
2026-06-14 07:59:52.243 | DEBUG | ffmpeg_runner |   | [ 16] -c:v
2026-06-14 07:59:52.243 | DEBUG | ffmpeg_runner |   | [ 17] hevc_nvenc
2026-06-14 07:59:52.243 | DEBUG | ffmpeg_runner |   | [ 18] -preset
2026-06-14 07:59:52.243 | DEBUG | ffmpeg_runner |   | [ 19] p4
2026-06-14 07:59:52.243 | DEBUG | ffmpeg_runner |   | [ 20] -c:s
2026-06-14 07:59:52.243 | DEBUG | ffmpeg_runner |   | [ 21] mov_text
2026-06-14 07:59:52.243 | DEBUG | ffmpeg_runner |   | [ 22] -map_metadata
2026-06-14 07:59:52.243 | DEBUG | ffmpeg_runner |   | [ 23] 0
2026-06-14 07:59:52.243 | DEBUG | ffmpeg_runner |   | [ 24] -map_chapters
2026-06-14 07:59:52.243 | DEBUG | ffmpeg_runner |   | [ 25] 0
2026-06-14 07:59:52.243 | DEBUG | ffmpeg_runner |   | [ 26] -metadata
2026-06-14 07:59:52.243 | DEBUG | ffmpeg_runner |   | [ 27] handler_name=@Cairl
2026-06-14 07:59:52.243 | DEBUG | ffmpeg_runner |   | [ 28] -ss
2026-06-14 07:59:52.243 | DEBUG | ffmpeg_runner |   | [ 29] 00:00:00
2026-06-14 07:59:52.244 | DEBUG | ffmpeg_runner |   | [ 30] -to
2026-06-14 07:59:52.244 | DEBUG | ffmpeg_runner |   | [ 31] 00:00:30
2026-06-14 07:59:52.244 | DEBUG | ffmpeg_runner |   | [ 32] U:\【高清剧集网 www.BTHDTV.com】绝命毒师 第一季[全7集][简繁英字幕].Breaking.Bad.S01.2160p.NF.WEB-DL.DDP.5.1.H.265-BlackTV\【高清剧集网 www.BTHDTV.com】绝命毒师 第一季[全7集][简繁英字幕].Breaking.Bad.S01.2160p.NF.WEB-DL.DDP.5.1.H.265-BlackTV (MovieEditor+20260614-075815)\Breaking.Bad.S01E07.A.No-Rough-Stuff-Type.Deal.2160p.NF.WEB-DL.DDP.5.1.H.265-BlackTV.mp4
2026-06-14 07:59:54.021 | DEBUG | ffmpeg_runner | [075952_24335] 进度: 4.4s/30.0s (14.6%) | 速度: 1.79x | 用时: 1.8s
2026-06-14 07:59:57.013 | DEBUG | ffmpeg_runner | [075952_24335] 进度: 14.1s/30.0s (46.9%) | 速度: 2.32x | 用时: 4.8s
2026-06-14 08:00:00.004 | DEBUG | ffmpeg_runner | [075952_24335] 进度: 21.1s/30.0s (70.3%) | 速度: 2.61x | 用时: 7.8s
2026-06-14 08:00:00.055 | DEBUG | ffmpeg_runner | [075952_24335] 进度: 22.8s/30.0s (75.9%) | 速度: 2.64x | 用时: 7.8s
2026-06-14 08:00:03.110 | INFO  | ffmpeg_runner | [075952_24335] 结束: 成功 (返回码 0) | 用时: 10.9s
2026-06-14 08:00:03.110 | WARN  | ffmpeg_runner | [075952_24335] stderr 输出 (10 行):
2026-06-14 08:00:03.110 | WARN  | ffmpeg_runner |   | frame=  509 fps= 70 q=40.0 size=    6400KiB time=00:00:21.10 bitrate=2484.3kbits/s speed=2.92x elapsed=0:00:07.22
2026-06-14 08:00:03.110 | WARN  | ffmpeg_runner |   | frame=  549 fps= 71 q=37.0 size=    6912KiB time=00:00:22.77 bitrate=2486.5kbits/s speed=2.94x elapsed=0:00:07.73
2026-06-14 08:00:03.110 | WARN  | ffmpeg_runner |   | frame=  578 fps= 70 q=30.0 size=    7168KiB time=00:00:23.98 bitrate=2448.5kbits/s speed=2.91x elapsed=0:00:08.24
2026-06-14 08:00:03.110 | WARN  | ffmpeg_runner |   | frame=  607 fps= 69 q=35.0 size=    7680KiB time=00:00:25.19 bitrate=2497.4kbits/s speed=2.87x elapsed=0:00:08.77
2026-06-14 08:00:03.110 | WARN  | ffmpeg_runner |   | frame=  634 fps= 68 q=31.0 size=    8192KiB time=00:00:26.31 bitrate=2549.9kbits/s speed=2.83x elapsed=0:00:09.29
2026-06-14 08:00:03.110 | WARN  | ffmpeg_runner |   | frame=  662 fps= 68 q=31.0 size=    8192KiB time=00:00:27.48 bitrate=2441.6kbits/s speed= 2.8x elapsed=0:00:09.80
2026-06-14 08:00:03.110 | WARN  | ffmpeg_runner |   | frame=  690 fps= 67 q=30.0 size=    8192KiB time=00:00:28.65 bitrate=2342.1kbits/s speed=2.78x elapsed=0:00:10.31
2026-06-14 08:00:03.110 | WARN  | ffmpeg_runner |   | [out#0/mp4 @ 000002b1b84e00c0] video:7830KiB audio:1409KiB subtitle:1KiB other streams:0KiB global headers:0KiB muxing overhead: 0.268038%
2026-06-14 08:00:03.110 | WARN  | ffmpeg_runner |   | frame=  720 fps= 68 q=38.0 Lsize=    9265KiB time=00:00:29.06 bitrate=2611.5kbits/s speed=2.73x elapsed=0:00:10.65
2026-06-14 08:00:03.110 | WARN  | ffmpeg_runner |   | [aac @ 000002b1b8416c80] Qavg: 2851.827
2026-06-14 08:00:03.110 | INFO  | ffmpeg_runner | ===== FFmpeg 结束 [075952_24335] =====

2026-06-14 08:17:09.313 | INFO  | ffmpeg_runner | ===== FFmpeg 开始 [081709_31331] =====
2026-06-14 08:17:09.313 | INFO  | ffmpeg_runner | 任务: S01E01 Pilot
2026-06-14 08:17:09.313 | INFO  | ffmpeg_runner | 输入: U:\【高清剧集网 www.BTHDTV.com】绝命毒师 第一季[全7集][简繁英字幕].Breaking.Bad.S01.2160p.NF.WEB-DL.DDP.5.1.H.265-BlackTV\Breaking.Bad.S01E01.Pilot.2160p.NF.WEB-DL.DDP.5.1.H.265-BlackTV.mkv
2026-06-14 08:17:09.313 | INFO  | ffmpeg_runner | 输出: U:\【高清剧集网 www.BTHDTV.com】绝命毒师 第一季[全7集][简繁英字幕].Breaking.Bad.S01.2160p.NF.WEB-DL.DDP.5.1.H.265-BlackTV (MovieEditor+20260614-081632)\Breaking.Bad.S01E01.Pilot.2160p.NF.WEB-DL.DDP.5.1.H.265-BlackTV.mp4
2026-06-14 08:17:09.313 | INFO  | ffmpeg_runner | 预计时长: 35.00s
2026-06-14 08:17:09.313 | INFO  | ffmpeg_runner | 命令: ffmpeg -y -hide_banner -ignore_unknown -i U:\【高清剧集网 www.BTHDTV.com】绝命毒师 第一季[全7集][简繁英字幕].Breaking.Bad.S01.2160p.NF.WEB-DL.DDP.5.1.H.265-BlackTV\Breaking.Bad.S01E01.Pilot.2160p.NF.WEB-DL.DDP.5.1.H.265-BlackTV.mkv -map 0:v:0 -map 0:a:0 -map 0:s:2 -map 0:s:3 -map 0:s:4 -c:v hevc_nvenc -preset p4 -c:s mov_text -map_metadata 0 -map_chapters 0 -metadata handler_name=@Cairl -to 00:00:35 U:\【高清剧集网 www.BTHDTV.com】绝命毒师 第一季[全7集][简繁英字幕].Breaking.Bad.S01.2160p.NF.WEB-DL.DDP.5.1.H.265-BlackTV (MovieEditor+20260614-081632)\Breaking.Bad.S01E01.Pilot.2160p.NF.WEB-DL.DDP.5.1.H.265-BlackTV.mp4
2026-06-14 08:17:09.313 | DEBUG | ffmpeg_runner | 命令详情:
2026-06-14 08:17:09.313 | DEBUG | ffmpeg_runner |   | [ 11] 0:s:2
2026-06-14 08:17:09.313 | DEBUG | ffmpeg_runner |   | [ 12] -map
2026-06-14 08:17:09.313 | DEBUG | ffmpeg_runner |   | [ 13] 0:s:3
2026-06-14 08:17:09.313 | DEBUG | ffmpeg_runner |   | [ 14] -map
2026-06-14 08:17:09.313 | DEBUG | ffmpeg_runner |   | [ 15] 0:s:4
2026-06-14 08:17:09.313 | DEBUG | ffmpeg_runner |   | [ 16] -c:v
2026-06-14 08:17:09.313 | DEBUG | ffmpeg_runner |   | [ 17] hevc_nvenc
2026-06-14 08:17:09.313 | DEBUG | ffmpeg_runner |   | [ 18] -preset
2026-06-14 08:17:09.313 | DEBUG | ffmpeg_runner |   | [ 19] p4
2026-06-14 08:17:09.313 | DEBUG | ffmpeg_runner |   | [ 20] -c:s
2026-06-14 08:17:09.313 | DEBUG | ffmpeg_runner |   | [ 21] mov_text
2026-06-14 08:17:09.313 | DEBUG | ffmpeg_runner |   | [ 22] -map_metadata
2026-06-14 08:17:09.313 | DEBUG | ffmpeg_runner |   | [ 23] 0
2026-06-14 08:17:09.313 | DEBUG | ffmpeg_runner |   | [ 24] -map_chapters
2026-06-14 08:17:09.313 | DEBUG | ffmpeg_runner |   | [ 25] 0
2026-06-14 08:17:09.313 | DEBUG | ffmpeg_runner |   | [ 26] -metadata
2026-06-14 08:17:09.313 | DEBUG | ffmpeg_runner |   | [ 27] handler_name=@Cairl
2026-06-14 08:17:09.313 | DEBUG | ffmpeg_runner |   | [ 28] -to
2026-06-14 08:17:09.313 | DEBUG | ffmpeg_runner |   | [ 29] 00:00:35
2026-06-14 08:17:09.313 | DEBUG | ffmpeg_runner |   | [ 30] U:\【高清剧集网 www.BTHDTV.com】绝命毒师 第一季[全7集][简繁英字幕].Breaking.Bad.S01.2160p.NF.WEB-DL.DDP.5.1.H.265-BlackTV (MovieEditor+20260614-081632)\Breaking.Bad.S01E01.Pilot.2160p.NF.WEB-DL.DDP.5.1.H.265-BlackTV.mp4
2026-06-14 08:17:18.662 | INFO  | ffmpeg_runner | [081709_31331] 结束: 成功 (返回码 0) | 用时: 9.3s
2026-06-14 08:17:18.662 | WARN  | ffmpeg_runner | [081709_31331] stderr 输出 (10 行):
2026-06-14 08:17:18.662 | WARN  | ffmpeg_runner |   | frame=  498 fps= 88 q=41.0 size=    3584KiB time=N/A bitrate=N/A speed=N/A elapsed=0:00:05.68
2026-06-14 08:17:18.662 | WARN  | ffmpeg_runner |   | frame=  542 fps= 87 q=36.0 size=    4352KiB time=N/A bitrate=N/A speed=N/A elapsed=0:00:06.20
2026-06-14 08:17:18.662 | WARN  | ffmpeg_runner |   | frame=  582 fps= 87 q=37.0 size=    4608KiB time=N/A bitrate=N/A speed=N/A elapsed=0:00:06.71
2026-06-14 08:17:18.662 | WARN  | ffmpeg_runner |   | frame=  644 fps= 89 q=40.0 size=    5632KiB time=N/A bitrate=N/A speed=N/A elapsed=0:00:07.22
2026-06-14 08:17:18.662 | WARN  | ffmpeg_runner |   | frame=  692 fps= 89 q=40.0 size=    6656KiB time=N/A bitrate=N/A speed=N/A elapsed=0:00:07.74
2026-06-14 08:17:18.662 | WARN  | ffmpeg_runner |   | frame=  750 fps= 91 q=34.0 size=    7424KiB time=N/A bitrate=N/A speed=N/A elapsed=0:00:08.25
2026-06-14 08:17:18.662 | WARN  | ffmpeg_runner |   | frame=  798 fps= 91 q=41.0 size=    8192KiB time=N/A bitrate=N/A speed=N/A elapsed=0:00:08.77
2026-06-14 08:17:18.662 | WARN  | ffmpeg_runner |   | [out#0/mp4 @ 000001b9c6f43280] video:9265KiB audio:1651KiB subtitle:0KiB other streams:0KiB global headers:0KiB muxing overhead: 0.244805%
2026-06-14 08:17:18.662 | WARN  | ffmpeg_runner |   | frame=  840 fps= 93 q=31.0 Lsize=   10943KiB time=N/A bitrate=N/A speed=N/A elapsed=0:00:09.07
2026-06-14 08:17:18.662 | WARN  | ffmpeg_runner |   | [aac @ 000001b9c8f5e6c0] Qavg: 2857.825
2026-06-14 08:17:18.662 | INFO  | ffmpeg_runner | ===== FFmpeg 结束 [081709_31331] =====

2026-06-14 08:17:18.896 | INFO  | ffmpeg_runner | ===== FFmpeg 开始 [081718_89615] =====
2026-06-14 08:17:18.896 | INFO  | ffmpeg_runner | 任务: S01E02 The Cats in the Bag
2026-06-14 08:17:18.896 | INFO  | ffmpeg_runner | 输入: U:\【高清剧集网 www.BTHDTV.com】绝命毒师 第一季[全7集][简繁英字幕].Breaking.Bad.S01.2160p.NF.WEB-DL.DDP.5.1.H.265-BlackTV\Breaking.Bad.S01E02.The.Cats.in.the.Bag.2160p.NF.WEB-DL.DDP.5.1.H.265-BlackTV.mkv
2026-06-14 08:17:18.896 | INFO  | ffmpeg_runner | 输出: U:\【高清剧集网 www.BTHDTV.com】绝命毒师 第一季[全7集][简繁英字幕].Breaking.Bad.S01.2160p.NF.WEB-DL.DDP.5.1.H.265-BlackTV (MovieEditor+20260614-081632)\Breaking.Bad.S01E02.The.Cats.in.the.Bag.2160p.NF.WEB-DL.DDP.5.1.H.265-BlackTV.mp4
2026-06-14 08:17:18.896 | INFO  | ffmpeg_runner | 预计时长: 35.00s
2026-06-14 08:17:18.896 | INFO  | ffmpeg_runner | 命令: ffmpeg -y -hide_banner -ignore_unknown -i U:\【高清剧集网 www.BTHDTV.com】绝命毒师 第一季[全7集][简繁英字幕].Breaking.Bad.S01.2160p.NF.WEB-DL.DDP.5.1.H.265-BlackTV\Breaking.Bad.S01E02.The.Cats.in.the.Bag.2160p.NF.WEB-DL.DDP.5.1.H.265-BlackTV.mkv -map 0:v:0 -map 0:a:0 -map 0:s:2 -map 0:s:3 -map 0:s:4 -c:v hevc_nvenc -preset p4 -c:s mov_text -map_metadata 0 -map_chapters 0 -metadata handler_name=@Cairl -to 00:00:35 U:\【高清剧集网 www.BTHDTV.com】绝命毒师 第一季[全7集][简繁英字幕].Breaking.Bad.S01.2160p.NF.WEB-DL.DDP.5.1.H.265-BlackTV (MovieEditor+20260614-081632)\Breaking.Bad.S01E02.The.Cats.in.the.Bag.2160p.NF.WEB-DL.DDP.5.1.H.265-BlackTV.mp4
2026-06-14 08:17:18.896 | DEBUG | ffmpeg_runner | 命令详情:
2026-06-14 08:17:18.896 | DEBUG | ffmpeg_runner |   | [ 11] 0:s:2
2026-06-14 08:17:18.896 | DEBUG | ffmpeg_runner |   | [ 12] -map
2026-06-14 08:17:18.896 | DEBUG | ffmpeg_runner |   | [ 13] 0:s:3
2026-06-14 08:17:18.896 | DEBUG | ffmpeg_runner |   | [ 14] -map
2026-06-14 08:17:18.896 | DEBUG | ffmpeg_runner |   | [ 15] 0:s:4
2026-06-14 08:17:18.896 | DEBUG | ffmpeg_runner |   | [ 16] -c:v
2026-06-14 08:17:18.896 | DEBUG | ffmpeg_runner |   | [ 17] hevc_nvenc
2026-06-14 08:17:18.896 | DEBUG | ffmpeg_runner |   | [ 18] -preset
2026-06-14 08:17:18.896 | DEBUG | ffmpeg_runner |   | [ 19] p4
2026-06-14 08:17:18.896 | DEBUG | ffmpeg_runner |   | [ 20] -c:s
2026-06-14 08:17:18.896 | DEBUG | ffmpeg_runner |   | [ 21] mov_text
2026-06-14 08:17:18.896 | DEBUG | ffmpeg_runner |   | [ 22] -map_metadata
2026-06-14 08:17:18.896 | DEBUG | ffmpeg_runner |   | [ 23] 0
2026-06-14 08:17:18.896 | DEBUG | ffmpeg_runner |   | [ 24] -map_chapters
2026-06-14 08:17:18.896 | DEBUG | ffmpeg_runner |   | [ 25] 0
2026-06-14 08:17:18.896 | DEBUG | ffmpeg_runner |   | [ 26] -metadata
2026-06-14 08:17:18.896 | DEBUG | ffmpeg_runner |   | [ 27] handler_name=@Cairl
2026-06-14 08:17:18.896 | DEBUG | ffmpeg_runner |   | [ 28] -to
2026-06-14 08:17:18.896 | DEBUG | ffmpeg_runner |   | [ 29] 00:00:35
2026-06-14 08:17:18.896 | DEBUG | ffmpeg_runner |   | [ 30] U:\【高清剧集网 www.BTHDTV.com】绝命毒师 第一季[全7集][简繁英字幕].Breaking.Bad.S01.2160p.NF.WEB-DL.DDP.5.1.H.265-BlackTV (MovieEditor+20260614-081632)\Breaking.Bad.S01E02.The.Cats.in.the.Bag.2160p.NF.WEB-DL.DDP.5.1.H.265-BlackTV.mp4
2026-06-14 08:17:27.024 | DEBUG | ffmpeg_runner | [081718_89615] 进度: 20.7s/35.0s (59.0%) | 速度: 3.04x | 用时: 8.1s
2026-06-14 08:17:30.018 | DEBUG | ffmpeg_runner | [081718_89615] 进度: 20.7s/35.0s (59.0%) | 速度: 2.62x | 用时: 11.1s
2026-06-14 08:17:32.444 | INFO  | ffmpeg_runner | [081718_89615] 结束: 成功 (返回码 0) | 用时: 13.5s
2026-06-14 08:17:32.444 | WARN  | ffmpeg_runner | [081718_89615] stderr 输出 (10 行):
2026-06-14 08:17:32.444 | WARN  | ffmpeg_runner |   | frame=  653 fps= 66 q=35.0 size=    5632KiB time=00:00:20.65 bitrate=2233.9kbits/s speed= 2.1x elapsed=0:00:09.82
2026-06-14 08:17:32.444 | WARN  | ffmpeg_runner |   | frame=  678 fps= 66 q=28.0 size=    5888KiB time=00:00:20.65 bitrate=2335.5kbits/s speed=   2x elapsed=0:00:10.33
2026-06-14 08:17:32.444 | WARN  | ffmpeg_runner |   | frame=  713 fps= 66 q=34.0 size=    6400KiB time=00:00:20.65 bitrate=2538.6kbits/s speed= 1.9x elapsed=0:00:10.84
2026-06-14 08:17:32.444 | WARN  | ffmpeg_runner |   | frame=  737 fps= 65 q=36.0 size=    6912KiB time=00:00:20.65 bitrate=2741.7kbits/s speed=1.82x elapsed=0:00:11.36
2026-06-14 08:17:32.444 | WARN  | ffmpeg_runner |   | frame=  761 fps= 64 q=33.0 size=    7168KiB time=00:00:20.65 bitrate=2843.2kbits/s speed=1.74x elapsed=0:00:11.87
2026-06-14 08:17:32.444 | WARN  | ffmpeg_runner |   | frame=  798 fps= 64 q=35.0 size=    7680KiB time=00:00:20.65 bitrate=3046.3kbits/s speed=1.67x elapsed=0:00:12.40
2026-06-14 08:17:32.444 | WARN  | ffmpeg_runner |   | frame=  823 fps= 64 q=37.0 size=    7680KiB time=00:00:20.65 bitrate=3046.3kbits/s speed= 1.6x elapsed=0:00:12.91
2026-06-14 08:17:32.444 | WARN  | ffmpeg_runner |   | [out#0/mp4 @ 000002307bd2e3c0] video:9972KiB audio:1647KiB subtitle:0KiB other streams:0KiB global headers:0KiB muxing overhead: 0.231697%
2026-06-14 08:17:32.444 | WARN  | ffmpeg_runner |   | frame=  840 fps= 64 q=31.0 Lsize=   11646KiB time=00:00:20.65 bitrate=4619.4kbits/s speed=1.57x elapsed=0:00:13.14
2026-06-14 08:17:32.444 | WARN  | ffmpeg_runner |   | [aac @ 000002307c65ee00] Qavg: 2506.902
2026-06-14 08:17:32.444 | INFO  | ffmpeg_runner | ===== FFmpeg 结束 [081718_89615] =====

2026-06-14 08:17:32.672 | INFO  | ffmpeg_runner | ===== FFmpeg 开始 [081732_67265] =====
2026-06-14 08:17:32.672 | INFO  | ffmpeg_runner | 任务: S01E03 And the Bags in the River
2026-06-14 08:17:32.672 | INFO  | ffmpeg_runner | 输入: U:\【高清剧集网 www.BTHDTV.com】绝命毒师 第一季[全7集][简繁英字幕].Breaking.Bad.S01.2160p.NF.WEB-DL.DDP.5.1.H.265-BlackTV\Breaking.Bad.S01E03.And.the.Bags.in.the.River.2160p.NF.WEB-DL.DDP.5.1.H.265-BlackTV.mkv
2026-06-14 08:17:32.672 | INFO  | ffmpeg_runner | 输出: U:\【高清剧集网 www.BTHDTV.com】绝命毒师 第一季[全7集][简繁英字幕].Breaking.Bad.S01.2160p.NF.WEB-DL.DDP.5.1.H.265-BlackTV (MovieEditor+20260614-081632)\Breaking.Bad.S01E03.And.the.Bags.in.the.River.2160p.NF.WEB-DL.DDP.5.1.H.265-BlackTV.mp4
2026-06-14 08:17:32.672 | INFO  | ffmpeg_runner | 预计时长: 35.00s
2026-06-14 08:17:32.672 | INFO  | ffmpeg_runner | 命令: ffmpeg -y -hide_banner -ignore_unknown -i U:\【高清剧集网 www.BTHDTV.com】绝命毒师 第一季[全7集][简繁英字幕].Breaking.Bad.S01.2160p.NF.WEB-DL.DDP.5.1.H.265-BlackTV\Breaking.Bad.S01E03.And.the.Bags.in.the.River.2160p.NF.WEB-DL.DDP.5.1.H.265-BlackTV.mkv -map 0:v:0 -map 0:a:0 -map 0:s:2 -map 0:s:3 -map 0:s:4 -c:v hevc_nvenc -preset p4 -c:s mov_text -map_metadata 0 -map_chapters 0 -metadata handler_name=@Cairl -to 00:00:35 U:\【高清剧集网 www.BTHDTV.com】绝命毒师 第一季[全7集][简繁英字幕].Breaking.Bad.S01.2160p.NF.WEB-DL.DDP.5.1.H.265-BlackTV (MovieEditor+20260614-081632)\Breaking.Bad.S01E03.And.the.Bags.in.the.River.2160p.NF.WEB-DL.DDP.5.1.H.265-BlackTV.mp4
2026-06-14 08:17:32.672 | DEBUG | ffmpeg_runner | 命令详情:
2026-06-14 08:17:32.672 | DEBUG | ffmpeg_runner |   | [ 11] 0:s:2
2026-06-14 08:17:32.672 | DEBUG | ffmpeg_runner |   | [ 12] -map
2026-06-14 08:17:32.672 | DEBUG | ffmpeg_runner |   | [ 13] 0:s:3
2026-06-14 08:17:32.672 | DEBUG | ffmpeg_runner |   | [ 14] -map
2026-06-14 08:17:32.673 | DEBUG | ffmpeg_runner |   | [ 15] 0:s:4
2026-06-14 08:17:32.673 | DEBUG | ffmpeg_runner |   | [ 16] -c:v
2026-06-14 08:17:32.673 | DEBUG | ffmpeg_runner |   | [ 17] hevc_nvenc
2026-06-14 08:17:32.673 | DEBUG | ffmpeg_runner |   | [ 18] -preset
2026-06-14 08:17:32.673 | DEBUG | ffmpeg_runner |   | [ 19] p4
2026-06-14 08:17:32.673 | DEBUG | ffmpeg_runner |   | [ 20] -c:s
2026-06-14 08:17:32.673 | DEBUG | ffmpeg_runner |   | [ 21] mov_text
2026-06-14 08:17:32.673 | DEBUG | ffmpeg_runner |   | [ 22] -map_metadata
2026-06-14 08:17:32.673 | DEBUG | ffmpeg_runner |   | [ 23] 0
2026-06-14 08:17:32.673 | DEBUG | ffmpeg_runner |   | [ 24] -map_chapters
2026-06-14 08:17:32.673 | DEBUG | ffmpeg_runner |   | [ 25] 0
2026-06-14 08:17:32.673 | DEBUG | ffmpeg_runner |   | [ 26] -metadata
2026-06-14 08:17:32.673 | DEBUG | ffmpeg_runner |   | [ 27] handler_name=@Cairl
2026-06-14 08:17:32.673 | DEBUG | ffmpeg_runner |   | [ 28] -to
2026-06-14 08:17:32.673 | DEBUG | ffmpeg_runner |   | [ 29] 00:00:35
2026-06-14 08:17:32.673 | DEBUG | ffmpeg_runner |   | [ 30] U:\【高清剧集网 www.BTHDTV.com】绝命毒师 第一季[全7集][简繁英字幕].Breaking.Bad.S01.2160p.NF.WEB-DL.DDP.5.1.H.265-BlackTV (MovieEditor+20260614-081632)\Breaking.Bad.S01E03.And.the.Bags.in.the.River.2160p.NF.WEB-DL.DDP.5.1.H.265-BlackTV.mp4
2026-06-14 08:17:43.644 | INFO  | ffmpeg_runner | [081732_67265] 结束: 成功 (返回码 0) | 用时: 11.0s
2026-06-14 08:17:43.644 | WARN  | ffmpeg_runner | [081732_67265] stderr 输出 (10 行):
2026-06-14 08:17:43.644 | WARN  | ffmpeg_runner |   | frame=  570 fps= 79 q=33.0 size=    5376KiB time=N/A bitrate=N/A speed=N/A elapsed=0:00:07.21
2026-06-14 08:17:43.644 | WARN  | ffmpeg_runner |   | frame=  600 fps= 78 q=41.0 size=    5888KiB time=N/A bitrate=N/A speed=N/A elapsed=0:00:07.73
2026-06-14 08:17:43.644 | WARN  | ffmpeg_runner |   | frame=  638 fps= 77 q=32.0 size=    6400KiB time=N/A bitrate=N/A speed=N/A elapsed=0:00:08.25
2026-06-14 08:17:43.644 | WARN  | ffmpeg_runner |   | frame=  678 fps= 77 q=29.0 size=    7168KiB time=N/A bitrate=N/A speed=N/A elapsed=0:00:08.76
2026-06-14 08:17:43.644 | WARN  | ffmpeg_runner |   | frame=  721 fps= 78 q=39.0 size=    7680KiB time=N/A bitrate=N/A speed=N/A elapsed=0:00:09.28
2026-06-14 08:17:43.644 | WARN  | ffmpeg_runner |   | frame=  766 fps= 78 q=38.0 size=    8448KiB time=N/A bitrate=N/A speed=N/A elapsed=0:00:09.79
2026-06-14 08:17:43.644 | WARN  | ffmpeg_runner |   | frame=  798 fps= 77 q=39.0 size=    8704KiB time=N/A bitrate=N/A speed=N/A elapsed=0:00:10.31
2026-06-14 08:17:43.644 | WARN  | ffmpeg_runner |   | [out#0/mp4 @ 000001ec161eda40] video:9899KiB audio:1649KiB subtitle:0KiB other streams:0KiB global headers:0KiB muxing overhead: 0.231416%
2026-06-14 08:17:43.644 | WARN  | ffmpeg_runner |   | frame=  840 fps= 79 q=32.0 Lsize=   11575KiB time=N/A bitrate=N/A speed=N/A elapsed=0:00:10.65
2026-06-14 08:17:43.644 | WARN  | ffmpeg_runner |   | [aac @ 000001ec16a1b300] Qavg: 2781.090
2026-06-14 08:17:43.644 | INFO  | ffmpeg_runner | ===== FFmpeg 结束 [081732_67265] =====

2026-06-14 08:17:43.870 | INFO  | ffmpeg_runner | ===== FFmpeg 开始 [081743_86878] =====
2026-06-14 08:17:43.870 | INFO  | ffmpeg_runner | 任务: S01E04 Cancer Man
2026-06-14 08:17:43.870 | INFO  | ffmpeg_runner | 输入: U:\【高清剧集网 www.BTHDTV.com】绝命毒师 第一季[全7集][简繁英字幕].Breaking.Bad.S01.2160p.NF.WEB-DL.DDP.5.1.H.265-BlackTV\Breaking.Bad.S01E04.Cancer.Man.2160p.NF.WEB-DL.DDP.5.1.H.265-BlackTV.mkv
2026-06-14 08:17:43.870 | INFO  | ffmpeg_runner | 输出: U:\【高清剧集网 www.BTHDTV.com】绝命毒师 第一季[全7集][简繁英字幕].Breaking.Bad.S01.2160p.NF.WEB-DL.DDP.5.1.H.265-BlackTV (MovieEditor+20260614-081632)\Breaking.Bad.S01E04.Cancer.Man.2160p.NF.WEB-DL.DDP.5.1.H.265-BlackTV.mp4
2026-06-14 08:17:43.870 | INFO  | ffmpeg_runner | 预计时长: 35.00s
2026-06-14 08:17:43.870 | INFO  | ffmpeg_runner | 命令: ffmpeg -y -hide_banner -ignore_unknown -i U:\【高清剧集网 www.BTHDTV.com】绝命毒师 第一季[全7集][简繁英字幕].Breaking.Bad.S01.2160p.NF.WEB-DL.DDP.5.1.H.265-BlackTV\Breaking.Bad.S01E04.Cancer.Man.2160p.NF.WEB-DL.DDP.5.1.H.265-BlackTV.mkv -map 0:v:0 -map 0:a:0 -map 0:s:2 -map 0:s:3 -map 0:s:4 -c:v hevc_nvenc -preset p4 -c:s mov_text -map_metadata 0 -map_chapters 0 -metadata handler_name=@Cairl -to 00:00:35 U:\【高清剧集网 www.BTHDTV.com】绝命毒师 第一季[全7集][简繁英字幕].Breaking.Bad.S01.2160p.NF.WEB-DL.DDP.5.1.H.265-BlackTV (MovieEditor+20260614-081632)\Breaking.Bad.S01E04.Cancer.Man.2160p.NF.WEB-DL.DDP.5.1.H.265-BlackTV.mp4
2026-06-14 08:17:43.870 | DEBUG | ffmpeg_runner | 命令详情:
2026-06-14 08:17:43.870 | DEBUG | ffmpeg_runner |   | [ 11] 0:s:2
2026-06-14 08:17:43.870 | DEBUG | ffmpeg_runner |   | [ 12] -map
2026-06-14 08:17:43.870 | DEBUG | ffmpeg_runner |   | [ 13] 0:s:3
2026-06-14 08:17:43.870 | DEBUG | ffmpeg_runner |   | [ 14] -map
2026-06-14 08:17:43.870 | DEBUG | ffmpeg_runner |   | [ 15] 0:s:4
2026-06-14 08:17:43.870 | DEBUG | ffmpeg_runner |   | [ 16] -c:v
2026-06-14 08:17:43.870 | DEBUG | ffmpeg_runner |   | [ 17] hevc_nvenc
2026-06-14 08:17:43.870 | DEBUG | ffmpeg_runner |   | [ 18] -preset
2026-06-14 08:17:43.870 | DEBUG | ffmpeg_runner |   | [ 19] p4
2026-06-14 08:17:43.870 | DEBUG | ffmpeg_runner |   | [ 20] -c:s
2026-06-14 08:17:43.870 | DEBUG | ffmpeg_runner |   | [ 21] mov_text
2026-06-14 08:17:43.870 | DEBUG | ffmpeg_runner |   | [ 22] -map_metadata
2026-06-14 08:17:43.870 | DEBUG | ffmpeg_runner |   | [ 23] 0
2026-06-14 08:17:43.870 | DEBUG | ffmpeg_runner |   | [ 24] -map_chapters
2026-06-14 08:17:43.870 | DEBUG | ffmpeg_runner |   | [ 25] 0
2026-06-14 08:17:43.870 | DEBUG | ffmpeg_runner |   | [ 26] -metadata
2026-06-14 08:17:43.870 | DEBUG | ffmpeg_runner |   | [ 27] handler_name=@Cairl
2026-06-14 08:17:43.870 | DEBUG | ffmpeg_runner |   | [ 28] -to
2026-06-14 08:17:43.870 | DEBUG | ffmpeg_runner |   | [ 29] 00:00:35
2026-06-14 08:17:43.870 | DEBUG | ffmpeg_runner |   | [ 30] U:\【高清剧集网 www.BTHDTV.com】绝命毒师 第一季[全7集][简繁英字幕].Breaking.Bad.S01.2160p.NF.WEB-DL.DDP.5.1.H.265-BlackTV (MovieEditor+20260614-081632)\Breaking.Bad.S01E04.Cancer.Man.2160p.NF.WEB-DL.DDP.5.1.H.265-BlackTV.mp4
2026-06-14 08:17:45.046 | DEBUG | ffmpeg_runner | [081743_86878] 进度: 2.5s/35.0s (7.3%) | 速度: 2.44x | 用时: 1.2s
2026-06-14 08:17:48.049 | DEBUG | ffmpeg_runner | [081743_86878] 进度: 11.0s/35.0s (31.5%) | 速度: 2.68x | 用时: 4.2s
2026-06-14 08:17:51.007 | DEBUG | ffmpeg_runner | [081743_86878] 进度: 21.6s/35.0s (61.8%) | 速度: 2.91x | 用时: 7.1s
2026-06-14 08:17:51.057 | DEBUG | ffmpeg_runner | [081743_86878] 进度: 21.6s/35.0s (61.8%) | 速度: 2.91x | 用时: 7.2s
2026-06-14 08:17:54.024 | DEBUG | ffmpeg_runner | [081743_86878] 进度: 31.1s/35.0s (88.8%) | 速度: 3.03x | 用时: 10.1s
2026-06-14 08:17:55.105 | INFO  | ffmpeg_runner | [081743_86878] 结束: 成功 (返回码 0) | 用时: 11.2s
2026-06-14 08:17:55.105 | WARN  | ffmpeg_runner | [081743_86878] stderr 输出 (10 行):
2026-06-14 08:17:55.105 | WARN  | ffmpeg_runner |   | frame=  593 fps= 77 q=38.0 size=    7168KiB time=00:00:24.60 bitrate=2386.2kbits/s speed=3.18x elapsed=0:00:07.74
2026-06-14 08:17:55.105 | WARN  | ffmpeg_runner |   | frame=  633 fps= 77 q=37.0 size=    7936KiB time=00:00:26.27 bitrate=2474.2kbits/s speed=3.18x elapsed=0:00:08.26
2026-06-14 08:17:55.105 | WARN  | ffmpeg_runner |   | frame=  673 fps= 77 q=38.0 size=    8192KiB time=00:00:27.94 bitrate=2401.5kbits/s speed=3.18x elapsed=0:00:08.77
2026-06-14 08:17:55.105 | WARN  | ffmpeg_runner |   | frame=  712 fps= 77 q=39.0 size=    8960KiB time=00:00:29.57 bitrate=2482.2kbits/s speed=3.18x elapsed=0:00:09.29
2026-06-14 08:17:55.105 | WARN  | ffmpeg_runner |   | frame=  748 fps= 76 q=38.0 size=    9216KiB time=00:00:31.07 bitrate=2429.7kbits/s speed=3.17x elapsed=0:00:09.80
2026-06-14 08:17:55.105 | WARN  | ffmpeg_runner |   | frame=  783 fps= 76 q=36.0 size=    9216KiB time=00:00:32.53 bitrate=2320.7kbits/s speed=3.15x elapsed=0:00:10.31
2026-06-14 08:17:55.105 | WARN  | ffmpeg_runner |   | frame=  823 fps= 76 q=37.0 size=    9472KiB time=00:00:34.20 bitrate=2268.8kbits/s speed=3.16x elapsed=0:00:10.82
2026-06-14 08:17:55.105 | WARN  | ffmpeg_runner |   | [out#0/mp4 @ 0000024720fb34c0] video:9146KiB audio:1655KiB subtitle:1KiB other streams:0KiB global headers:0KiB muxing overhead: 0.261129%
2026-06-14 08:17:55.105 | WARN  | ffmpeg_runner |   | frame=  840 fps= 77 q=31.0 Lsize=   10831KiB time=00:00:34.73 bitrate=2554.4kbits/s speed=3.18x elapsed=0:00:10.92
2026-06-14 08:17:55.105 | WARN  | ffmpeg_runner |   | [aac @ 0000024722af8b80] Qavg: 2284.740
2026-06-14 08:17:55.105 | INFO  | ffmpeg_runner | ===== FFmpeg 结束 [081743_86878] =====

2026-06-14 08:17:55.339 | INFO  | ffmpeg_runner | ===== FFmpeg 开始 [081755_33980] =====
2026-06-14 08:17:55.339 | INFO  | ffmpeg_runner | 任务: S01E05 Gray Matter
2026-06-14 08:17:55.339 | INFO  | ffmpeg_runner | 输入: U:\【高清剧集网 www.BTHDTV.com】绝命毒师 第一季[全7集][简繁英字幕].Breaking.Bad.S01.2160p.NF.WEB-DL.DDP.5.1.H.265-BlackTV\Breaking.Bad.S01E05.Gray.Matter.2160p.NF.WEB-DL.DDP.5.1.H.265-BlackTV.mkv
2026-06-14 08:17:55.339 | INFO  | ffmpeg_runner | 输出: U:\【高清剧集网 www.BTHDTV.com】绝命毒师 第一季[全7集][简繁英字幕].Breaking.Bad.S01.2160p.NF.WEB-DL.DDP.5.1.H.265-BlackTV (MovieEditor+20260614-081632)\Breaking.Bad.S01E05.Gray.Matter.2160p.NF.WEB-DL.DDP.5.1.H.265-BlackTV.mp4
2026-06-14 08:17:55.339 | INFO  | ffmpeg_runner | 预计时长: 35.00s
2026-06-14 08:17:55.341 | INFO  | ffmpeg_runner | 命令: ffmpeg -y -hide_banner -ignore_unknown -i U:\【高清剧集网 www.BTHDTV.com】绝命毒师 第一季[全7集][简繁英字幕].Breaking.Bad.S01.2160p.NF.WEB-DL.DDP.5.1.H.265-BlackTV\Breaking.Bad.S01E05.Gray.Matter.2160p.NF.WEB-DL.DDP.5.1.H.265-BlackTV.mkv -map 0:v:0 -map 0:a:0 -map 0:s:2 -map 0:s:3 -map 0:s:4 -c:v hevc_nvenc -preset p4 -c:s mov_text -map_metadata 0 -map_chapters 0 -metadata handler_name=@Cairl -to 00:00:35 U:\【高清剧集网 www.BTHDTV.com】绝命毒师 第一季[全7集][简繁英字幕].Breaking.Bad.S01.2160p.NF.WEB-DL.DDP.5.1.H.265-BlackTV (MovieEditor+20260614-081632)\Breaking.Bad.S01E05.Gray.Matter.2160p.NF.WEB-DL.DDP.5.1.H.265-BlackTV.mp4
2026-06-14 08:17:55.341 | DEBUG | ffmpeg_runner | 命令详情:
2026-06-14 08:17:55.341 | DEBUG | ffmpeg_runner |   | [ 11] 0:s:2
2026-06-14 08:17:55.341 | DEBUG | ffmpeg_runner |   | [ 12] -map
2026-06-14 08:17:55.341 | DEBUG | ffmpeg_runner |   | [ 13] 0:s:3
2026-06-14 08:17:55.341 | DEBUG | ffmpeg_runner |   | [ 14] -map
2026-06-14 08:17:55.341 | DEBUG | ffmpeg_runner |   | [ 15] 0:s:4
2026-06-14 08:17:55.341 | DEBUG | ffmpeg_runner |   | [ 16] -c:v
2026-06-14 08:17:55.341 | DEBUG | ffmpeg_runner |   | [ 17] hevc_nvenc
2026-06-14 08:17:55.341 | DEBUG | ffmpeg_runner |   | [ 18] -preset
2026-06-14 08:17:55.341 | DEBUG | ffmpeg_runner |   | [ 19] p4
2026-06-14 08:17:55.341 | DEBUG | ffmpeg_runner |   | [ 20] -c:s
2026-06-14 08:17:55.341 | DEBUG | ffmpeg_runner |   | [ 21] mov_text
2026-06-14 08:17:55.341 | DEBUG | ffmpeg_runner |   | [ 22] -map_metadata
2026-06-14 08:17:55.341 | DEBUG | ffmpeg_runner |   | [ 23] 0
2026-06-14 08:17:55.341 | DEBUG | ffmpeg_runner |   | [ 24] -map_chapters
2026-06-14 08:17:55.341 | DEBUG | ffmpeg_runner |   | [ 25] 0
2026-06-14 08:17:55.341 | DEBUG | ffmpeg_runner |   | [ 26] -metadata
2026-06-14 08:17:55.341 | DEBUG | ffmpeg_runner |   | [ 27] handler_name=@Cairl
2026-06-14 08:17:55.341 | DEBUG | ffmpeg_runner |   | [ 28] -to
2026-06-14 08:17:55.341 | DEBUG | ffmpeg_runner |   | [ 29] 00:00:35
2026-06-14 08:17:55.341 | DEBUG | ffmpeg_runner |   | [ 30] U:\【高清剧集网 www.BTHDTV.com】绝命毒师 第一季[全7集][简繁英字幕].Breaking.Bad.S01.2160p.NF.WEB-DL.DDP.5.1.H.265-BlackTV (MovieEditor+20260614-081632)\Breaking.Bad.S01E05.Gray.Matter.2160p.NF.WEB-DL.DDP.5.1.H.265-BlackTV.mp4
2026-06-14 08:17:57.025 | DEBUG | ffmpeg_runner | [081755_33980] 进度: 3.3s/35.0s (9.4%) | 速度: 1.81x | 用时: 1.7s
2026-06-14 08:18:00.018 | DEBUG | ffmpeg_runner | [081755_33980] 进度: 8.9s/35.0s (25.4%) | 速度: 1.95x | 用时: 4.7s
2026-06-14 08:18:03.011 | DEBUG | ffmpeg_runner | [081755_33980] 进度: 15.7s/35.0s (44.8%) | 速度: 2.06x | 用时: 7.7s
2026-06-14 08:18:06.009 | DEBUG | ffmpeg_runner | [081755_33980] 进度: 23.7s/35.0s (67.7%) | 速度: 2.13x | 用时: 10.7s
2026-06-14 08:18:06.060 | DEBUG | ffmpeg_runner | [081755_33980] 进度: 23.7s/35.0s (67.7%) | 速度: 2.13x | 用时: 10.7s
2026-06-14 08:18:09.000 | DEBUG | ffmpeg_runner | [081755_33980] 进度: 32.8s/35.0s (93.8%) | 速度: 2.28x | 用时: 13.7s
2026-06-14 08:18:09.051 | DEBUG | ffmpeg_runner | [081755_33980] 进度: 32.8s/35.0s (93.8%) | 速度: 2.28x | 用时: 13.7s
2026-06-14 08:18:09.917 | INFO  | ffmpeg_runner | [081755_33980] 结束: 成功 (返回码 0) | 用时: 14.6s
2026-06-14 08:18:09.917 | WARN  | ffmpeg_runner | [081755_33980] stderr 输出 (10 行):
2026-06-14 08:18:09.917 | WARN  | ffmpeg_runner |   | frame=  623 fps= 58 q=34.0 size=    7936KiB time=00:00:25.85 bitrate=2514.1kbits/s speed=2.39x elapsed=0:00:10.83
2026-06-14 08:18:09.917 | WARN  | ffmpeg_runner |   | frame=  673 fps= 59 q=37.0 size=    9728KiB time=00:00:27.94 bitrate=2851.8kbits/s speed=2.46x elapsed=0:00:11.35
2026-06-14 08:18:09.917 | WARN  | ffmpeg_runner |   | frame=  712 fps= 60 q=36.0 size=   10752KiB time=00:00:29.57 bitrate=2978.6kbits/s speed=2.49x elapsed=0:00:11.86
2026-06-14 08:18:09.917 | WARN  | ffmpeg_runner |   | frame=  739 fps= 60 q=33.0 size=   11008KiB time=00:00:30.69 bitrate=2937.6kbits/s speed=2.48x elapsed=0:00:12.38
2026-06-14 08:18:09.917 | WARN  | ffmpeg_runner |   | frame=  764 fps= 59 q=24.0 size=   11520KiB time=00:00:31.74 bitrate=2973.3kbits/s speed=2.46x elapsed=0:00:12.88
2026-06-14 08:18:09.917 | WARN  | ffmpeg_runner |   | frame=  790 fps= 59 q=38.0 size=   11520KiB time=00:00:32.82 bitrate=2875.1kbits/s speed=2.45x elapsed=0:00:13.40
2026-06-14 08:18:09.917 | WARN  | ffmpeg_runner |   | frame=  815 fps= 59 q=38.0 size=   11520KiB time=00:00:33.86 bitrate=2786.5kbits/s speed=2.43x elapsed=0:00:13.91
2026-06-14 08:18:09.917 | WARN  | ffmpeg_runner |   | [out#0/mp4 @ 000001cf6c732f80] video:11057KiB audio:1651KiB subtitle:1KiB other streams:0KiB global headers:0KiB muxing overhead: 0.221919%
2026-06-14 08:18:09.917 | WARN  | ffmpeg_runner |   | frame=  840 fps= 59 q=31.0 Lsize=   12737KiB time=00:00:34.90 bitrate=2989.0kbits/s speed=2.45x elapsed=0:00:14.23
2026-06-14 08:18:09.917 | WARN  | ffmpeg_runner |   | [aac @ 000001cf6e4c9680] Qavg: 2525.760
2026-06-14 08:18:09.917 | INFO  | ffmpeg_runner | ===== FFmpeg 结束 [081755_33980] =====

2026-06-14 08:18:10.189 | INFO  | ffmpeg_runner | ===== FFmpeg 开始 [081810_18997] =====
2026-06-14 08:18:10.189 | INFO  | ffmpeg_runner | 任务: S01E06 Crazy Handful of Nothin
2026-06-14 08:18:10.189 | INFO  | ffmpeg_runner | 输入: U:\【高清剧集网 www.BTHDTV.com】绝命毒师 第一季[全7集][简繁英字幕].Breaking.Bad.S01.2160p.NF.WEB-DL.DDP.5.1.H.265-BlackTV\Breaking.Bad.S01E06.Crazy.Handful.of.Nothin.2160p.NF.WEB-DL.DDP.5.1.H.265-BlackTV.mkv
2026-06-14 08:18:10.189 | INFO  | ffmpeg_runner | 输出: U:\【高清剧集网 www.BTHDTV.com】绝命毒师 第一季[全7集][简繁英字幕].Breaking.Bad.S01.2160p.NF.WEB-DL.DDP.5.1.H.265-BlackTV (MovieEditor+20260614-081632)\Breaking.Bad.S01E06.Crazy.Handful.of.Nothin.2160p.NF.WEB-DL.DDP.5.1.H.265-BlackTV.mp4
2026-06-14 08:18:10.189 | INFO  | ffmpeg_runner | 预计时长: 35.00s
2026-06-14 08:18:10.189 | INFO  | ffmpeg_runner | 命令: ffmpeg -y -hide_banner -ignore_unknown -i U:\【高清剧集网 www.BTHDTV.com】绝命毒师 第一季[全7集][简繁英字幕].Breaking.Bad.S01.2160p.NF.WEB-DL.DDP.5.1.H.265-BlackTV\Breaking.Bad.S01E06.Crazy.Handful.of.Nothin.2160p.NF.WEB-DL.DDP.5.1.H.265-BlackTV.mkv -map 0:v:0 -map 0:a:0 -map 0:s:2 -map 0:s:3 -map 0:s:4 -c:v hevc_nvenc -preset p4 -c:s mov_text -map_metadata 0 -map_chapters 0 -metadata handler_name=@Cairl -to 00:00:35 U:\【高清剧集网 www.BTHDTV.com】绝命毒师 第一季[全7集][简繁英字幕].Breaking.Bad.S01.2160p.NF.WEB-DL.DDP.5.1.H.265-BlackTV (MovieEditor+20260614-081632)\Breaking.Bad.S01E06.Crazy.Handful.of.Nothin.2160p.NF.WEB-DL.DDP.5.1.H.265-BlackTV.mp4
2026-06-14 08:18:10.189 | DEBUG | ffmpeg_runner | 命令详情:
2026-06-14 08:18:10.189 | DEBUG | ffmpeg_runner |   | [ 11] 0:s:2
2026-06-14 08:18:10.189 | DEBUG | ffmpeg_runner |   | [ 12] -map
2026-06-14 08:18:10.189 | DEBUG | ffmpeg_runner |   | [ 13] 0:s:3
2026-06-14 08:18:10.189 | DEBUG | ffmpeg_runner |   | [ 14] -map
2026-06-14 08:18:10.189 | DEBUG | ffmpeg_runner |   | [ 15] 0:s:4
2026-06-14 08:18:10.189 | DEBUG | ffmpeg_runner |   | [ 16] -c:v
2026-06-14 08:18:10.189 | DEBUG | ffmpeg_runner |   | [ 17] hevc_nvenc
2026-06-14 08:18:10.189 | DEBUG | ffmpeg_runner |   | [ 18] -preset
2026-06-14 08:18:10.189 | DEBUG | ffmpeg_runner |   | [ 19] p4
2026-06-14 08:18:10.189 | DEBUG | ffmpeg_runner |   | [ 20] -c:s
2026-06-14 08:18:10.189 | DEBUG | ffmpeg_runner |   | [ 21] mov_text
2026-06-14 08:18:10.189 | DEBUG | ffmpeg_runner |   | [ 22] -map_metadata
2026-06-14 08:18:10.189 | DEBUG | ffmpeg_runner |   | [ 23] 0
2026-06-14 08:18:10.189 | DEBUG | ffmpeg_runner |   | [ 24] -map_chapters
2026-06-14 08:18:10.189 | DEBUG | ffmpeg_runner |   | [ 25] 0
2026-06-14 08:18:10.189 | DEBUG | ffmpeg_runner |   | [ 26] -metadata
2026-06-14 08:18:10.189 | DEBUG | ffmpeg_runner |   | [ 27] handler_name=@Cairl
2026-06-14 08:18:10.189 | DEBUG | ffmpeg_runner |   | [ 28] -to
2026-06-14 08:18:10.189 | DEBUG | ffmpeg_runner |   | [ 29] 00:00:35
2026-06-14 08:18:10.189 | DEBUG | ffmpeg_runner |   | [ 30] U:\【高清剧集网 www.BTHDTV.com】绝命毒师 第一季[全7集][简繁英字幕].Breaking.Bad.S01.2160p.NF.WEB-DL.DDP.5.1.H.265-BlackTV (MovieEditor+20260614-081632)\Breaking.Bad.S01E06.Crazy.Handful.of.Nothin.2160p.NF.WEB-DL.DDP.5.1.H.265-BlackTV.mp4
2026-06-14 08:18:21.691 | INFO  | ffmpeg_runner | [081810_18997] 结束: 成功 (返回码 0) | 用时: 11.5s
2026-06-14 08:18:21.691 | WARN  | ffmpeg_runner | [081810_18997] stderr 输出 (10 行):
2026-06-14 08:18:21.691 | WARN  | ffmpeg_runner |   | frame=  554 fps= 72 q=31.0 size=    5632KiB time=N/A bitrate=N/A speed=N/A elapsed=0:00:07.73
2026-06-14 08:18:21.691 | WARN  | ffmpeg_runner |   | frame=  595 fps= 72 q=38.0 size=    6400KiB time=N/A bitrate=N/A speed=N/A elapsed=0:00:08.25
2026-06-14 08:18:21.691 | WARN  | ffmpeg_runner |   | frame=  638 fps= 73 q=35.0 size=    6656KiB time=N/A bitrate=N/A speed=N/A elapsed=0:00:08.76
2026-06-14 08:18:21.691 | WARN  | ffmpeg_runner |   | frame=  678 fps= 73 q=26.0 size=    7168KiB time=N/A bitrate=N/A speed=N/A elapsed=0:00:09.27
2026-06-14 08:18:21.691 | WARN  | ffmpeg_runner |   | frame=  721 fps= 74 q=39.0 size=    7680KiB time=N/A bitrate=N/A speed=N/A elapsed=0:00:09.78
2026-06-14 08:18:21.691 | WARN  | ffmpeg_runner |   | frame=  762 fps= 74 q=39.0 size=    7936KiB time=N/A bitrate=N/A speed=N/A elapsed=0:00:10.30
2026-06-14 08:18:21.691 | WARN  | ffmpeg_runner |   | frame=  795 fps= 73 q=39.0 size=    8448KiB time=N/A bitrate=N/A speed=N/A elapsed=0:00:10.83
2026-06-14 08:18:21.691 | WARN  | ffmpeg_runner |   | [out#0/mp4 @ 000001e46febda40] video:9673KiB audio:1650KiB subtitle:0KiB other streams:0KiB global headers:0KiB muxing overhead: 0.236014%
2026-06-14 08:18:21.692 | WARN  | ffmpeg_runner |   | frame=  840 fps= 75 q=24.0 Lsize=   11350KiB time=N/A bitrate=N/A speed=N/A elapsed=0:00:11.20
2026-06-14 08:18:21.692 | WARN  | ffmpeg_runner |   | [aac @ 000001e4707fba80] Qavg: 2554.989
2026-06-14 08:18:21.692 | INFO  | ffmpeg_runner | ===== FFmpeg 结束 [081810_18997] =====

2026-06-14 08:18:21.922 | INFO  | ffmpeg_runner | ===== FFmpeg 开始 [081821_92243] =====
2026-06-14 08:18:21.922 | INFO  | ffmpeg_runner | 任务: S01E07 A No Rough Stuff Type Deal
2026-06-14 08:18:21.922 | INFO  | ffmpeg_runner | 输入: U:\【高清剧集网 www.BTHDTV.com】绝命毒师 第一季[全7集][简繁英字幕].Breaking.Bad.S01.2160p.NF.WEB-DL.DDP.5.1.H.265-BlackTV\Breaking.Bad.S01E07.A.No-Rough-Stuff-Type.Deal.2160p.NF.WEB-DL.DDP.5.1.H.265-BlackTV.mkv
2026-06-14 08:18:21.922 | INFO  | ffmpeg_runner | 输出: U:\【高清剧集网 www.BTHDTV.com】绝命毒师 第一季[全7集][简繁英字幕].Breaking.Bad.S01.2160p.NF.WEB-DL.DDP.5.1.H.265-BlackTV (MovieEditor+20260614-081632)\Breaking.Bad.S01E07.A.No-Rough-Stuff-Type.Deal.2160p.NF.WEB-DL.DDP.5.1.H.265-BlackTV.mp4
2026-06-14 08:18:21.922 | INFO  | ffmpeg_runner | 预计时长: 35.00s
2026-06-14 08:18:21.922 | INFO  | ffmpeg_runner | 命令: ffmpeg -y -hide_banner -ignore_unknown -i U:\【高清剧集网 www.BTHDTV.com】绝命毒师 第一季[全7集][简繁英字幕].Breaking.Bad.S01.2160p.NF.WEB-DL.DDP.5.1.H.265-BlackTV\Breaking.Bad.S01E07.A.No-Rough-Stuff-Type.Deal.2160p.NF.WEB-DL.DDP.5.1.H.265-BlackTV.mkv -map 0:v:0 -map 0:a:0 -map 0:s:2 -map 0:s:3 -map 0:s:4 -c:v hevc_nvenc -preset p4 -c:s mov_text -map_metadata 0 -map_chapters 0 -metadata handler_name=@Cairl -to 00:00:35 U:\【高清剧集网 www.BTHDTV.com】绝命毒师 第一季[全7集][简繁英字幕].Breaking.Bad.S01.2160p.NF.WEB-DL.DDP.5.1.H.265-BlackTV (MovieEditor+20260614-081632)\Breaking.Bad.S01E07.A.No-Rough-Stuff-Type.Deal.2160p.NF.WEB-DL.DDP.5.1.H.265-BlackTV.mp4
2026-06-14 08:18:21.922 | DEBUG | ffmpeg_runner | 命令详情:
2026-06-14 08:18:21.922 | DEBUG | ffmpeg_runner |   | [ 11] 0:s:2
2026-06-14 08:18:21.922 | DEBUG | ffmpeg_runner |   | [ 12] -map
2026-06-14 08:18:21.922 | DEBUG | ffmpeg_runner |   | [ 13] 0:s:3
2026-06-14 08:18:21.922 | DEBUG | ffmpeg_runner |   | [ 14] -map
2026-06-14 08:18:21.922 | DEBUG | ffmpeg_runner |   | [ 15] 0:s:4
2026-06-14 08:18:21.922 | DEBUG | ffmpeg_runner |   | [ 16] -c:v
2026-06-14 08:18:21.922 | DEBUG | ffmpeg_runner |   | [ 17] hevc_nvenc
2026-06-14 08:18:21.922 | DEBUG | ffmpeg_runner |   | [ 18] -preset
2026-06-14 08:18:21.922 | DEBUG | ffmpeg_runner |   | [ 19] p4
2026-06-14 08:18:21.922 | DEBUG | ffmpeg_runner |   | [ 20] -c:s
2026-06-14 08:18:21.922 | DEBUG | ffmpeg_runner |   | [ 21] mov_text
2026-06-14 08:18:21.922 | DEBUG | ffmpeg_runner |   | [ 22] -map_metadata
2026-06-14 08:18:21.923 | DEBUG | ffmpeg_runner |   | [ 23] 0
2026-06-14 08:18:21.923 | DEBUG | ffmpeg_runner |   | [ 24] -map_chapters
2026-06-14 08:18:21.923 | DEBUG | ffmpeg_runner |   | [ 25] 0
2026-06-14 08:18:21.923 | DEBUG | ffmpeg_runner |   | [ 26] -metadata
2026-06-14 08:18:21.923 | DEBUG | ffmpeg_runner |   | [ 27] handler_name=@Cairl
2026-06-14 08:18:21.923 | DEBUG | ffmpeg_runner |   | [ 28] -to
2026-06-14 08:18:21.923 | DEBUG | ffmpeg_runner |   | [ 29] 00:00:35
2026-06-14 08:18:21.923 | DEBUG | ffmpeg_runner |   | [ 30] U:\【高清剧集网 www.BTHDTV.com】绝命毒师 第一季[全7集][简繁英字幕].Breaking.Bad.S01.2160p.NF.WEB-DL.DDP.5.1.H.265-BlackTV (MovieEditor+20260614-081632)\Breaking.Bad.S01E07.A.No-Rough-Stuff-Type.Deal.2160p.NF.WEB-DL.DDP.5.1.H.265-BlackTV.mp4
2026-06-14 08:18:24.014 | DEBUG | ffmpeg_runner | [081821_92243] 进度: 3.8s/35.0s (11.0%) | 速度: 1.47x | 用时: 2.1s
2026-06-14 08:18:27.012 | DEBUG | ffmpeg_runner | [081821_92243] 进度: 11.6s/35.0s (33.2%) | 速度: 1.96x | 用时: 5.1s
2026-06-14 08:18:30.010 | DEBUG | ffmpeg_runner | [081821_92243] 进度: 20.4s/35.0s (58.3%) | 速度: 2.31x | 用时: 8.1s
2026-06-14 08:18:33.005 | DEBUG | ffmpeg_runner | [081821_92243] 进度: 27.2s/35.0s (77.7%) | 速度: 2.43x | 用时: 11.1s
2026-06-14 08:18:33.056 | DEBUG | ffmpeg_runner | [081821_92243] 进度: 27.2s/35.0s (77.7%) | 速度: 2.43x | 用时: 11.1s
2026-06-14 08:18:35.523 | INFO  | ffmpeg_runner | [081821_92243] 结束: 成功 (返回码 0) | 用时: 13.6s
2026-06-14 08:18:35.523 | WARN  | ffmpeg_runner | [081821_92243] stderr 输出 (10 行):
2026-06-14 08:18:35.523 | WARN  | ffmpeg_runner |   | frame=  606 fps= 62 q=31.0 size=    7680KiB time=00:00:25.15 bitrate=2501.6kbits/s speed=2.56x elapsed=0:00:09.80
2026-06-14 08:18:35.523 | WARN  | ffmpeg_runner |   | frame=  630 fps= 61 q=30.0 size=    7936KiB time=00:00:26.15 bitrate=2486.0kbits/s speed=2.53x elapsed=0:00:10.31
2026-06-14 08:18:35.523 | WARN  | ffmpeg_runner |   | frame=  655 fps= 60 q=36.0 size=    8192KiB time=00:00:27.19 bitrate=2467.8kbits/s speed=2.51x elapsed=0:00:10.83
2026-06-14 08:18:35.523 | WARN  | ffmpeg_runner |   | frame=  682 fps= 60 q=30.0 size=    8704KiB time=00:00:28.31 bitrate=2517.8kbits/s speed= 2.5x elapsed=0:00:11.34
2026-06-14 08:18:35.523 | WARN  | ffmpeg_runner |   | frame=  721 fps= 61 q=38.0 size=    9216KiB time=00:00:29.94 bitrate=2521.1kbits/s speed=2.53x elapsed=0:00:11.85
2026-06-14 08:18:35.524 | WARN  | ffmpeg_runner |   | frame=  759 fps= 61 q=37.0 size=    9728KiB time=00:00:31.53 bitrate=2527.4kbits/s speed=2.55x elapsed=0:00:12.37
2026-06-14 08:18:35.524 | WARN  | ffmpeg_runner |   | frame=  799 fps= 62 q=37.0 size=   10240KiB time=00:00:33.19 bitrate=2526.7kbits/s speed=2.57x elapsed=0:00:12.90
2026-06-14 08:18:35.524 | WARN  | ffmpeg_runner |   | [out#0/mp4 @ 000001a19c17bd40] video:9304KiB audio:1650KiB subtitle:2KiB other streams:0KiB global headers:0KiB muxing overhead: 0.259356%
2026-06-14 08:18:35.524 | WARN  | ffmpeg_runner |   | frame=  840 fps= 63 q=31.0 Lsize=   10984KiB time=00:00:34.90 bitrate=2577.6kbits/s speed=2.62x elapsed=0:00:13.33
2026-06-14 08:18:35.524 | WARN  | ffmpeg_runner |   | [aac @ 000001a19c09b6c0] Qavg: 2494.453
2026-06-14 08:18:35.524 | INFO  | ffmpeg_runner | ===== FFmpeg 结束 [081821_92243] =====

